signal_id,ehtimollik
SG_000001,0.15672022795642832
SG_000007,0.17305503441270376
SG_000009,0.13659527449440567
SG_000010,0.1300918964040002
SG_000011,0.12315930785543626
SG_000018,0.2136701164857803
SG_000024,0.18402192862846678
SG_000026,0.15229196486444488
SG_000032,0.19088030516330948
SG_000033,0.24143914415345596
SG_000034,0.13166847351249197
SG_000036,0.1421857710997794
SG_000039,0.15960715237501652
SG_000048,0.13596538850283738
SG_000049,0.15457696903571813
SG_000050,0.23294305335232485
SG_000053,0.11907392479687545
SG_000054,0.22297733202243483
SG_000055,0.18749869648883788
SG_000058,0.14644171775498646
SG_000059,0.15717760754555465
SG_000061,0.18638035762004518
SG_000062,0.18766428208780733
SG_000072,0.15854668295649102
SG_000073,0.16172696433823663
SG_000075,0.17543502788510473
SG_000080,0.2042564442172807
SG_000081,0.177276837075946
SG_000083,0.12064994291261136
SG_000086,0.15641413795165524
SG_000087,0.2590955636972689
SG_000092,0.19696158107723966
SG_000099,0.21067254271131397
SG_000100,0.2048174522884536
SG_000105,0.15709026378655952
SG_000106,0.20904555611229342
SG_000107,0.10285644473922982
SG_000118,0.1993904715921006
SG_000120,0.164422681963679
SG_000125,0.156232168301911
SG_000129,0.16203157661634804
SG_000137,0.14897806235539934
SG_000146,0.16884496826126555
SG_000147,0.18241998906808715
SG_000149,0.2107404638911108
SG_000153,0.19549233330733717
SG_000161,0.15661774529968223
SG_000163,0.12822257518654026
SG_000165,0.21936374644802656
SG_000173,0.14546528875987377
SG_000178,0.17784226836550676
SG_000179,0.1601085426626795
SG_000187,0.3024864414580858
SG_000192,0.10486933468988066
SG_000193,0.22911886509127438
SG_000195,0.16530246975181456
SG_000196,0.1786087117916798
SG_000201,0.1339354792635521
SG_000203,0.14450303177838433
SG_000205,0.30369941185797883
SG_000207,0.19595363590666312
SG_000211,0.18722086536991495
SG_000214,0.15175698128329412
SG_000217,0.11586668351373858
SG_000218,0.3125429219762622
SG_000219,0.1722468422632037
SG_000227,0.1558254121188469
SG_000229,0.18250935531227688
SG_000232,0.19333166680745079
SG_000240,0.13320630052468843
SG_000242,0.20199746722306586
SG_000244,0.14928462229677458
SG_000246,0.16077057002022346
SG_000250,0.15743081481950047
SG_000253,0.1977287666142153
SG_000262,0.1628852001318575
SG_000269,0.23477835481441364
SG_000270,0.15607759810856006
SG_000271,0.22887395175851
SG_000284,0.19531856787592672
SG_000286,0.18708447380428847
SG_000287,0.14334782312545016
SG_000290,0.29017589699673574
SG_000291,0.15850968702858242
SG_000301,0.15482003289250673
SG_000302,0.19326393879999226
SG_000304,0.1422207107489486
SG_000306,0.2634342794691318
SG_000309,0.12627662297800285
SG_000314,0.17846867892361196
SG_000319,0.23081454876621876
SG_000320,0.1597608384122575
SG_000321,0.17412364349834472
SG_000325,0.2108855537883135
SG_000328,0.1418575166119527
SG_000329,0.16676937133781278
SG_000333,0.17936240057104844
SG_000334,0.23117703874971984
SG_000335,0.16594674760602676
SG_000339,0.11575229663686315
SG_000341,0.12240700520314267
SG_000345,0.24447017432919288
SG_000347,0.16994343618811147
SG_000349,0.1407373419342262
SG_000350,0.12893992509732852
SG_000351,0.1413710922159821
SG_000357,0.1333095925203834
SG_000360,0.2187915547134156
SG_000366,0.2610045030123392
SG_000368,0.1796036509527777
SG_000370,0.16428530103105604
SG_000378,0.165625074590257
SG_000386,0.1487131837768159
SG_000394,0.14280636047439657
SG_000395,0.13964396229895687
SG_000397,0.21686115695781139
SG_000398,0.157398294202955
SG_000401,0.1583543794454647
SG_000402,0.17367463348107293
SG_000414,0.19923895149550722
SG_000415,0.19356478052930237
SG_000419,0.2097612324735617
SG_000420,0.19333669738972686
SG_000422,0.2006502480780235
SG_000425,0.1870071594841372
SG_000430,0.14130657247120199
SG_000431,0.11572099929622637
SG_000435,0.10200607640180775
SG_000436,0.15578612318477603
SG_000440,0.1512883023219528
SG_000444,0.14772631333028988
SG_000450,0.17680407709291523
SG_000452,0.1540352547187158
SG_000454,0.16228413333241723
SG_000460,0.17147807583367844
SG_000462,0.14958935040633994
SG_000471,0.15740677824351207
SG_000474,0.19936167614520772
SG_000475,0.16585201342568587
SG_000476,0.15925700802564716
SG_000480,0.19008206084739332
SG_000482,0.21879166090577476
SG_000484,0.2002628625709682
SG_000487,0.17764654478147726
SG_000488,0.19496534167872154
SG_000494,0.18324043031376655
SG_000496,0.14717691774572586
SG_000497,0.13136948165943713
SG_000498,0.137000496153027
SG_000501,0.1843208819676808
SG_000506,0.15533868734365847
SG_000511,0.16010700941240535
SG_000513,0.11761684985659646
SG_000524,0.14244608790065258
SG_000526,0.2058035785971825
SG_000527,0.13452447556340374
SG_000530,0.16177526251084062
SG_000535,0.16425353418964606
SG_000536,0.15659225803158652
SG_000551,0.15908980662603128
SG_000561,0.21364467664855574
SG_000563,0.2624515725568579
SG_000567,0.17910557746743572
SG_000572,0.20385720709150906
SG_000580,0.16646906649767718
SG_000583,0.17588453049972883
SG_000585,0.22614962778509284
SG_000588,0.14789984614553173
SG_000591,0.19301488213340007
SG_000593,0.14842860684296225
SG_000594,0.1732681801056944
SG_000598,0.1274628180634011
SG_000603,0.1656082271712065
SG_000610,0.1563289602270634
SG_000614,0.14906126324814525
SG_000615,0.17963464485414243
SG_000616,0.14942579805695733
SG_000617,0.15774998937721013
SG_000619,0.13307669193043045
SG_000621,0.1878318712865574
SG_000629,0.23352984042615918
SG_000633,0.15815678923205717
SG_000634,0.16239382434049435
SG_000638,0.17015275965947174
SG_000640,0.20742917991354637
SG_000643,0.18930724387338904
SG_000646,0.271581480904397
SG_000648,0.13518871586067285
SG_000657,0.16078077874187674
SG_000662,0.1632143396714144
SG_000665,0.13855097437604688
SG_000666,0.210405484039223
SG_000672,0.1314364137068164
SG_000674,0.1619297372058649
SG_000677,0.14384291728316506
SG_000678,0.19920997181052214
SG_000679,0.14687034900635296
SG_000691,0.19324106438442015
SG_000692,0.1400607662704353
SG_000693,0.20817827453679788
SG_000695,0.2455394421019234
SG_000696,0.15466510927657043
SG_000698,0.1219742917381949
SG_000706,0.15069909487239685
SG_000709,0.1575721903302395
SG_000713,0.1721428223178259
SG_000716,0.15935562803869463
SG_000717,0.11781924683310632
SG_000719,0.17829573565844975
SG_000722,0.26958125611625994
SG_000727,0.15353900679844326
SG_000734,0.1785101197191753
SG_000737,0.13288919607385094
SG_000739,0.15740981750969849
SG_000742,0.18790771047125995
SG_000743,0.15769250985088346
SG_000750,0.18577867773399104
SG_000751,0.22557085374675134
SG_000759,0.2298450565584345
SG_000762,0.1584637498393815
SG_000764,0.16178467052724702
SG_000768,0.12181588738850965
SG_000769,0.17913665562880582
SG_000770,0.16669393365698648
SG_000788,0.2964857746771395
SG_000790,0.12925651096577712
SG_000797,0.16983338982331878
SG_000798,0.12089292265527929
SG_000799,0.19425216291581437
SG_000802,0.17908001030993173
SG_000803,0.284653309763059
SG_000809,0.19692443357953882
SG_000811,0.1462930823614388
SG_000812,0.1989115142722023
SG_000816,0.2709061893590744
SG_000817,0.15493463694557633
SG_000820,0.1412955298906094
SG_000821,0.1236542377167672
SG_000826,0.16559866025491293
SG_000840,0.1962861477499686
SG_000849,0.21851568542368713
SG_000851,0.15759584264635035
SG_000856,0.1373019734623609
SG_000857,0.17267837225436528
SG_000864,0.12428015324008282
SG_000865,0.126210803644287
SG_000875,0.18949894886874336
SG_000883,0.15333184957155566
SG_000888,0.17338515612995742
SG_000889,0.19138656517763278
SG_000890,0.15982013116836827
SG_000891,0.15277699061319558
SG_000903,0.1554407009208264
SG_000907,0.1554694787946388
SG_000909,0.13155930495854576
SG_000910,0.17065347116849597
SG_000911,0.18180012181355867
SG_000912,0.22231324507454958
SG_000913,0.19628648231226667
SG_000917,0.1930933419435213
SG_000920,0.1804935886692455
SG_000928,0.11891487926816345
SG_000934,0.13115963121611432
SG_000935,0.23915596254009827
SG_000938,0.19046716783408815
SG_000940,0.16401193503214853
SG_000943,0.16860469001410233
SG_000945,0.17037761972360846
SG_000946,0.15598491784437
SG_000948,0.15231848419601596
SG_000950,0.19874387546391054
SG_000954,0.1597158501593739
SG_000959,0.19929144017008582
SG_000963,0.14653414414354335
SG_000965,0.16515884938946832
SG_000968,0.191263158054022
SG_000970,0.22952580979964793
SG_000973,0.11493027671232285
SG_000975,0.12459224415047426
SG_000977,0.1348670569956604
SG_000980,0.22782836437343662
SG_000981,0.1889524837970939
SG_000985,0.166760264488334
SG_000987,0.19166767766634318
SG_000988,0.14941565333293472
SG_000990,0.17118561146079475
SG_000991,0.20101184427909863
SG_001002,0.19747993565678887
SG_001004,0.24136372975981846
SG_001009,0.16511761922873255
SG_001010,0.1416809405329718
SG_001014,0.17975523313570177
SG_001023,0.17335999751807066
SG_001027,0.10957044305756679
SG_001028,0.20265590157249425
SG_001030,0.15089469469575584
SG_001031,0.20885784498064208
SG_001032,0.15994168688734217
SG_001042,0.19133725233773924
SG_001048,0.14356312473301638
SG_001049,0.1558973372963874
SG_001052,0.15837619960365604
SG_001058,0.1513016159149881
SG_001060,0.14179623508527087
SG_001066,0.2081335190781718
SG_001067,0.1711527643218297
SG_001070,0.16092053951801558
SG_001071,0.15850015794652325
SG_001075,0.12021675258251535
SG_001076,0.19713863507948867
SG_001078,0.1327962865299948
SG_001081,0.18246816291581275
SG_001085,0.14849139333951664
SG_001086,0.1545305950236377
SG_001100,0.1726834295987753
SG_001101,0.1131054377777253
SG_001102,0.20740849311925802
SG_001106,0.12623585289186734
SG_001107,0.13290154390478526
SG_001108,0.16796864744725784
SG_001109,0.1294728900763924
SG_001111,0.24205749008479382
SG_001117,0.19719962757216009
SG_001121,0.1682665500071276
SG_001123,0.18593598480829937
SG_001125,0.1809186310908845
SG_001126,0.27984566411762857
SG_001128,0.14598683726503345
SG_001133,0.12479143238329032
SG_001135,0.17857720874683455
SG_001143,0.29893453061899267
SG_001153,0.12095616687259969
SG_001155,0.24868235324289162
SG_001157,0.18232807953323524
SG_001159,0.14637952689428538
SG_001161,0.23802239079538115
SG_001163,0.10761377679498975
SG_001167,0.23108397468428696
SG_001180,0.18835953273738013
SG_001181,0.2559310667287915
SG_001182,0.15793691359730744
SG_001184,0.18236011614681158
SG_001188,0.14861986040690045
SG_001190,0.1936639276900078
SG_001192,0.20284150602198134
SG_001196,0.23507586590542012
SG_001201,0.1977328847856548
SG_001202,0.1096562248221092
SG_001203,0.19357458052189425
SG_001205,0.14828758730694103
SG_001208,0.20709889087460628
SG_001210,0.1751474186031211
SG_001211,0.17575124757522803
SG_001213,0.21288253547851518
SG_001215,0.22764569144123029
SG_001217,0.18822463699661252
SG_001225,0.2043655663217775
SG_001226,0.15376933732820205
SG_001229,0.2069273434837991
SG_001230,0.1412736198808336
SG_001236,0.16500910250698717
SG_001237,0.11987072631420703
SG_001243,0.2052457050116716
SG_001245,0.1472435285603788
SG_001248,0.14937031027349204
SG_001252,0.12877890292603308
SG_001255,0.23378225946941578
SG_001257,0.19838723267457992
SG_001262,0.16262795455524215
SG_001264,0.16344473677044646
SG_001267,0.1421505330714474
SG_001279,0.10895363859513203
SG_001285,0.15682674810834055
SG_001287,0.14877485101006832
SG_001293,0.20102383404127652
SG_001296,0.22278915708472535
SG_001298,0.17492074541492508
SG_001303,0.13476528512277597
SG_001305,0.14156442300265837
SG_001306,0.1700365190997059
SG_001309,0.1814707765728363
SG_001312,0.128528563720393
SG_001313,0.14435296581629461
SG_001314,0.17154579939057665
SG_001316,0.15580333140208055
SG_001318,0.15094551256879477
SG_001319,0.16236668357033043
SG_001321,0.22502141596470857
SG_001322,0.1638358196562706
SG_001327,0.1219229324337576
SG_001331,0.16400285225942798
SG_001335,0.1700508050364958
SG_001336,0.20764186767254023
SG_001349,0.19461716203661764
SG_001350,0.18058061205306775
SG_001352,0.1959095238133131
SG_001354,0.1493913109615932
SG_001361,0.14548434867165372
SG_001362,0.1872287716795634
SG_001364,0.15106748866243322
SG_001374,0.2081175554067574
SG_001389,0.16125424749480988
SG_001390,0.12719871359695373
SG_001395,0.23281367729478372
SG_001397,0.1475878902643849
SG_001401,0.16033257941187518
SG_001402,0.17163524260336305
SG_001405,0.14771098244112615
SG_001412,0.2554256111487736
SG_001415,0.17463375129556746
SG_001419,0.1428757171414668
SG_001421,0.18750620136066276
SG_001423,0.17107696415769327
SG_001432,0.18604811817798503
SG_001433,0.13670929000577953
SG_001441,0.21506412297931657
SG_001446,0.13566107253713228
SG_001447,0.17668684988524924
SG_001448,0.11073494305312939
SG_001453,0.13382367337718837
SG_001458,0.15376022637555214
SG_001465,0.1783129810227198
SG_001469,0.16757103956540348
SG_001470,0.17034753873588293
SG_001472,0.2246037719896286
SG_001476,0.1832790654508737
SG_001478,0.21582102953907695
SG_001480,0.2157413303620926
SG_001484,0.1284412402560332
SG_001487,0.24655283668918382
SG_001493,0.14695920602609297
SG_001494,0.30409287855678957
SG_001500,0.18421796293646034
SG_001505,0.17712296728160798
SG_001506,0.17943633085499622
SG_001510,0.1468120294132115
SG_001514,0.19211302959665386
SG_001520,0.1603962401764145
SG_001525,0.26897380506348895
SG_001527,0.16143628592367498
SG_001528,0.1640606899311391
SG_001529,0.15254869799570647
SG_001531,0.21101659538080453
SG_001541,0.29029979047369525
SG_001542,0.19051301213537977
SG_001543,0.23913972300459338
SG_001545,0.13770316262939475
SG_001549,0.17693693048603876
SG_001557,0.15728256614964542
SG_001558,0.21056763912436693
SG_001561,0.18346923690469402
SG_001562,0.11356523517916911
SG_001563,0.1775487800043089
SG_001567,0.13120739246186924
SG_001568,0.15667369275007634
SG_001569,0.16164425951075842
SG_001570,0.15947037306549497
SG_001571,0.16471707976619154
SG_001572,0.21215649757605878
SG_001573,0.14516956045048318
SG_001576,0.19046664477950587
SG_001584,0.18249579951718853
SG_001590,0.20065105996959426
SG_001591,0.14065981760746574
SG_001592,0.12126309930301621
SG_001595,0.1527949954984772
SG_001601,0.22171402764371487
SG_001604,0.18791363716230186
SG_001609,0.19789498498409314
SG_001610,0.20787042902978253
SG_001612,0.1486685696798584
SG_001613,0.17908724922765384
SG_001615,0.1590690210030509
SG_001623,0.1775899379687761
SG_001624,0.15682249678385374
SG_001631,0.16118161417657778
SG_001634,0.17842521999725008
SG_001636,0.2376342180494146
SG_001638,0.26176211029980545
SG_001647,0.18219575935605117
SG_001650,0.20071174398700137
SG_001653,0.19666451035229174
SG_001654,0.24351587590909593
SG_001658,0.20933469434685292
SG_001663,0.14540992053332344
SG_001667,0.13310471771769894
SG_001668,0.15333610837802764
SG_001670,0.10721323361318476
SG_001683,0.12801807226670947
SG_001686,0.17684685690882487
SG_001688,0.18948375980933485
SG_001689,0.11893269311644339
SG_001698,0.1996772713214273
SG_001704,0.1851273660546202
SG_001711,0.2000992057817209
SG_001719,0.1450719228121512
SG_001720,0.12228841073550535
SG_001723,0.21049955651428076
SG_001726,0.17391308436432856
SG_001728,0.13170258401841206
SG_001731,0.13103755205349213
SG_001733,0.197579111470839
SG_001734,0.15075005304401462
SG_001735,0.20074196398506505
SG_001737,0.19369550122449863
SG_001738,0.1882146346012389
SG_001739,0.1704930498348226
SG_001740,0.1814488322053086
SG_001744,0.17480740138026388
SG_001745,0.16881771829451725
SG_001750,0.1435874711623658
SG_001751,0.157712096611742
SG_001761,0.174476900002036
SG_001767,0.1512428164215617
SG_001768,0.20194114772820665
SG_001769,0.1525911235618382
SG_001776,0.26210002309394703
SG_001786,0.12670134569736097
SG_001788,0.17786174759509793
SG_001789,0.20280845613403498
SG_001790,0.13672669648612953
SG_001791,0.21040702193372052
SG_001792,0.16502802659646434
SG_001793,0.14399444013107987
SG_001796,0.1675328395205912
SG_001797,0.1323917974252936
SG_001803,0.15377902771770424
SG_001804,0.12858445821292888
SG_001806,0.1659242892424389
SG_001811,0.15112068105178963
SG_001815,0.20294339104395337
SG_001819,0.14614782075435917
SG_001824,0.16630969346518906
SG_001825,0.20888243916402718
SG_001827,0.2656171111536287
SG_001830,0.1486435779272015
SG_001831,0.14934417651450527
SG_001833,0.2031041583086719
SG_001836,0.13509524326386277
SG_001844,0.18201240334187652
SG_001846,0.1643534705559637
SG_001847,0.16024369216602274
SG_001848,0.21325430101432377
SG_001849,0.18869327390403456
SG_001851,0.12951403448149806
SG_001858,0.1659155358168044
SG_001860,0.1323868896762495
SG_001862,0.19666260125961738
SG_001864,0.1139373538242987
SG_001865,0.1535281129981491
SG_001867,0.17525698784751065
SG_001872,0.11938223351070865
SG_001876,0.13802054421863266
SG_001877,0.24436134185579186
SG_001883,0.20487105851729742
SG_001884,0.164889396045065
SG_001885,0.12513993644176113
SG_001886,0.2484687212619155
SG_001888,0.15365083308482136
SG_001890,0.12350716461147165
SG_001892,0.1831926307059938
SG_001893,0.21204169234750692
SG_001894,0.1488080820234875
SG_001895,0.2208777975662501
SG_001897,0.17517182663992234
SG_001901,0.16322774807098728
SG_001903,0.16261673065533475
SG_001904,0.11133508994751737
SG_001906,0.15687516996424264
SG_001909,0.19276973514879933
SG_001912,0.1873190084237727
SG_001914,0.14461251928348862
SG_001915,0.16909706109384542
SG_001919,0.23786417347720806
SG_001924,0.15072148248568734
SG_001925,0.14525465415248673
SG_001928,0.20315317123971954
SG_001930,0.15903209437851315
SG_001932,0.15081306733514563
SG_001933,0.154502900136736
SG_001934,0.13759147828702503
SG_001936,0.11080821893472542
SG_001947,0.14881551958608796
SG_001953,0.20931400408975492
SG_001954,0.11624402124958318
SG_001955,0.20283228585829244
SG_001963,0.1789381243832438
SG_001971,0.17361779099912358
SG_001975,0.16394773394162504
SG_001976,0.14716239353189423
SG_001977,0.20450638904675256
SG_001980,0.1449362584769077
SG_001981,0.11292553145590722
SG_001982,0.15610576871031073
SG_001990,0.15856548324739833
SG_001999,0.14340875061557148
SG_002000,0.19548942398835642
SG_002002,0.2090045013017067
SG_002004,0.15107124565288102
SG_002008,0.23774289570309065
SG_002009,0.14755083996231746
SG_002016,0.1893908249180078
SG_002021,0.1742917172584568
SG_002024,0.18325262130798822
SG_002027,0.19403322566082268
SG_002037,0.19328564729476816
SG_002038,0.16696291162849242
SG_002039,0.18645665806365946
SG_002044,0.18289183505846923
SG_002045,0.13606375796567088
SG_002048,0.12649778021818744
SG_002050,0.2618372526782178
SG_002052,0.17757194567692336
SG_002063,0.16882598549659028
SG_002067,0.23628922672565705
SG_002068,0.143908165292242
SG_002069,0.1424509467911814
SG_002074,0.12424285959868994
SG_002075,0.1522608770394226
SG_002078,0.12821414407720044
SG_002081,0.1516433880746325
SG_002090,0.2207433294677554
SG_002097,0.26810060893230314
SG_002103,0.18018232379750004
SG_002105,0.19691351797363965
SG_002110,0.14868396037251252
SG_002122,0.1596857284325272
SG_002123,0.15982201932983364
SG_002125,0.20716231268931637
SG_002129,0.22127473322408114
SG_002131,0.21762936175541922
SG_002137,0.14852825081478396
SG_002142,0.19137187331500716
SG_002150,0.17038993456229204
SG_002151,0.1759304517853021
SG_002152,0.19140291966523715
SG_002166,0.14110655749795722
SG_002171,0.1941027514035873
SG_002172,0.15142406918885595
SG_002176,0.160557922491136
SG_002177,0.21456130082251473
SG_002181,0.22943142341151385
SG_002184,0.126311370634732
SG_002185,0.2768835950616811
SG_002186,0.1421062109325588
SG_002191,0.1469348543497092
SG_002192,0.19039118291955498
SG_002194,0.17969169210899716
SG_002200,0.12581688042567996
SG_002209,0.1898235022444303
SG_002213,0.14149064290413893
SG_002220,0.119349237864226
SG_002223,0.13696998898783522
SG_002227,0.13230312232676766
SG_002228,0.13460186376404254
SG_002233,0.16162483865033975
SG_002241,0.18202087171596323
SG_002248,0.24962177348047876
SG_002251,0.1596464568008365
SG_002252,0.1707932642500642
SG_002254,0.1972648330077613
SG_002255,0.18535930118067526
SG_002260,0.23988835368118347
SG_002262,0.1609626826546409
SG_002263,0.14811500454730028
SG_002266,0.14760546049598916
SG_002270,0.15491004920079776
SG_002277,0.18222291119614628
SG_002278,0.12387142708216112
SG_002280,0.17958310668523755
SG_002281,0.145751908466118
SG_002283,0.1591239786247087
SG_002284,0.20679680517483104
SG_002286,0.15614225011308233
SG_002288,0.13676393380924057
SG_002291,0.19559836509385886
SG_002292,0.15592750954970466
SG_002294,0.16590300575312886
SG_002296,0.17734164479506656
SG_002298,0.16481886936191129
SG_002301,0.14392887256066197
SG_002304,0.1863163021955748
SG_002311,0.182475015332433
SG_002319,0.28970221466440704
SG_002320,0.1445284645534126
SG_002322,0.14634718781437295
SG_002324,0.1632276532683784
SG_002328,0.20128663655677737
SG_002332,0.15515101722411775
SG_002341,0.25755581361528573
SG_002346,0.14369547254189716
SG_002347,0.19565710375116335
SG_002352,0.16382099597278926
SG_002357,0.17598855915009692
SG_002361,0.17480118254836186
SG_002370,0.11936649156082314
SG_002371,0.17920949499419367
SG_002372,0.1542842449263487
SG_002373,0.16122770938182437
SG_002374,0.14465244183222278
SG_002375,0.1652479251317723
SG_002381,0.14123490401655717
SG_002385,0.1425352873999008
SG_002387,0.17203613617467306
SG_002390,0.21286895429396374
SG_002391,0.13561153507658327
SG_002392,0.12124733009747232
SG_002394,0.19482725830819
SG_002396,0.14481411870894578
SG_002401,0.12797789637743875
SG_002402,0.14621996907246254
SG_002404,0.18154341438632965
SG_002407,0.16190758379946335
SG_002410,0.12819700905411993
SG_002419,0.25896846111763255
SG_002421,0.20377702996548114
SG_002422,0.16594039438159924
SG_002423,0.29792671378142
SG_002429,0.16386486030642589
SG_002430,0.1824908103240086
SG_002434,0.2434941776400164
SG_002437,0.19727673843623267
SG_002442,0.15133227638853963
SG_002444,0.1057009012322116
SG_002447,0.15152256901583336
SG_002448,0.14831275568843727
SG_002450,0.2091512136595094
SG_002453,0.12437090333265063
SG_002454,0.17714386058695314
SG_002455,0.19067031357314163
SG_002456,0.18397476279166508
SG_002458,0.16922295548036703
SG_002459,0.1576420236990882
SG_002460,0.2302240006028145
SG_002462,0.14293170282232814
SG_002464,0.16837616691539584
SG_002466,0.20505318386634833
SG_002475,0.19168477580292817
SG_002477,0.17858227442306163
SG_002479,0.16477413689488238
SG_002482,0.18382499532696783
SG_002483,0.22164017381679002
SG_002486,0.18202106010158917
SG_002490,0.20777385604800652
SG_002493,0.1562301103120004
SG_002495,0.19488340260522985
SG_002498,0.14040508580743846
SG_002500,0.23297344554577942
SG_002502,0.14024405062627665
SG_002507,0.17049444288478527
SG_002509,0.16409928090887987
SG_002517,0.23511923280604008
SG_002520,0.15472275656535478
SG_002522,0.1714842418086439
SG_002526,0.12182184498308776
SG_002529,0.1310767563077096
SG_002532,0.1354069672841341
SG_002539,0.13334059287032263
SG_002541,0.13099420732146824
SG_002544,0.1354878050821486
SG_002545,0.15439528254675963
SG_002546,0.16913615926009998
SG_002548,0.19264835703899336
SG_002555,0.20405859957070321
SG_002559,0.1531482184321134
SG_002568,0.14574504410586067
SG_002572,0.2362720911888644
SG_002573,0.1463288994446677
SG_002577,0.17716884382196757
SG_002580,0.19884661159290296
SG_002583,0.18329364571319895
SG_002586,0.15910449810554086
SG_002587,0.214298681296467
SG_002588,0.1540495992753884
SG_002594,0.1579719961352189
SG_002596,0.10366748512853069
SG_002597,0.11965024863215701
SG_002599,0.15800544843614914
SG_002600,0.17342056447782028
SG_002601,0.10074714128092999
SG_002605,0.17158651642510636
SG_002613,0.16506838829079126
SG_002615,0.18468967108479678
SG_002618,0.15097893594078346
SG_002622,0.14096040509526353
SG_002627,0.18756136487697805
SG_002628,0.22292219911590314
SG_002630,0.11028534600700865
SG_002633,0.17343945282889764
SG_002638,0.11840012077529753
SG_002649,0.1931651074313916
SG_002650,0.1511286532160164
SG_002652,0.12802521956246368
SG_002653,0.16951264632516147
SG_002654,0.15470941987936754
SG_002657,0.15110691567255474
SG_002664,0.17787915843959473
SG_002665,0.1136307963039565
SG_002666,0.15741667247214208
SG_002667,0.18240508568871416
SG_002672,0.1857063938412117
SG_002673,0.21849209203923736
SG_002674,0.203326124695819
SG_002675,0.15638365519973374
SG_002680,0.23021228030374796
SG_002684,0.25992066284089566
SG_002688,0.21526959892843073
SG_002689,0.1713488484792554
SG_002691,0.14679744044680929
SG_002693,0.2615670249982235
SG_002699,0.15972645119908038
SG_002701,0.16578865930928793
SG_002705,0.1817087869436422
SG_002720,0.10707652353734129
SG_002731,0.17175551629132846
SG_002733,0.13402766473449562
SG_002735,0.19739885115872283
SG_002736,0.18227991481353706
SG_002738,0.1431868634180501
SG_002742,0.18117640634781626
SG_002746,0.1247109230288696
SG_002748,0.10968774247706456
SG_002752,0.12558998713866273
SG_002755,0.15241797137562238
SG_002757,0.16549077234341336
SG_002759,0.16868039020209152
SG_002767,0.16116224451842248
SG_002770,0.19444067261440057
SG_002773,0.226614896191355
SG_002777,0.17811835694207853
SG_002782,0.13934238012852979
SG_002783,0.12046223951658361
SG_002785,0.14889846961162773
SG_002788,0.19978772970969322
SG_002789,0.17485250922483003
SG_002793,0.16091775603919442
SG_002796,0.15102410199455726
SG_002798,0.19524229232127682
SG_002809,0.20880931003089723
SG_002814,0.2022614793082632
SG_002820,0.17430922347898478
SG_002825,0.18851097024382577
SG_002827,0.1728055137912186
SG_002829,0.16830665542655188
SG_002832,0.1848784881895223
SG_002834,0.1339848244883034
SG_002840,0.14772964332186408
SG_002842,0.16773501343491978
SG_002843,0.14943480900643463
SG_002849,0.21978427307525678
SG_002850,0.1637585343205651
SG_002853,0.17251957988040112
SG_002875,0.21566020659102914
SG_002882,0.2602748147105516
SG_002887,0.2627190309214413
SG_002891,0.19654003988996552
SG_002896,0.15023511770811385
SG_002904,0.16944697728136004
SG_002906,0.18649588022517563
SG_002907,0.1688266146614038
SG_002910,0.19029601468707824
SG_002918,0.17948155578313857
SG_002926,0.15593989208273676
SG_002930,0.1365525347224623
SG_002932,0.13708149353486931
SG_002937,0.17194417213274787
SG_002939,0.17605260744338574
SG_002943,0.12451831227696784
SG_002944,0.13996712473055278
SG_002947,0.12390437182664443
SG_002949,0.15520190205387568
SG_002950,0.12450242146966843
SG_002952,0.1454072125416089
SG_002954,0.2114233895131577
SG_002955,0.2023561853922482
SG_002958,0.22101050475555295
SG_002960,0.17153972437397635
SG_002964,0.2022128833583592
SG_002967,0.17970869612685905
SG_002972,0.22933777876545688
SG_002982,0.2902658281163225
SG_002985,0.20453398530942812
SG_002989,0.1890369290375179
SG_002999,0.13787702299331284
SG_003002,0.1676717800277281
SG_003008,0.15185236229872145
SG_003023,0.14808962763843816
SG_003024,0.14990307404212994
SG_003026,0.16777979470979662
SG_003028,0.19706012182955254
SG_003030,0.16459453612730351
SG_003031,0.16854068002233147
SG_003037,0.1280053797815
SG_003042,0.14418701317332738
SG_003043,0.14382356682456165
SG_003044,0.18776150276285042
SG_003045,0.14770826517488325
SG_003048,0.1532823654256655
SG_003049,0.12039566426369853
SG_003051,0.1533026808130138
SG_003052,0.14462851436942814
SG_003059,0.23641138155777802
SG_003062,0.16261741000149868
SG_003065,0.14314680271214134
SG_003067,0.13008346955221572
SG_003071,0.13806900472457284
SG_003072,0.16944896162988088
SG_003073,0.1886334181419909
SG_003075,0.1648376964812318
SG_003080,0.11946593042145298
SG_003082,0.14427244511062626
SG_003084,0.18403850005073985
SG_003085,0.1584559415265176
SG_003088,0.1807611824195839
SG_003089,0.160909619208429
SG_003096,0.15886448114481944
SG_003097,0.21560128480189636
SG_003102,0.14863532538214186
SG_003105,0.22638460475203848
SG_003107,0.11869364678076064
SG_003111,0.1675693243678099
SG_003116,0.16653140363755767
SG_003118,0.15779285633945148
SG_003125,0.12912479613080344
SG_003127,0.16149929140804753
SG_003133,0.21266902474346908
SG_003135,0.17470356210320437
SG_003137,0.15369538060037952
SG_003138,0.13988847501936613
SG_003139,0.1970378328314204
SG_003141,0.2495767710127635
SG_003144,0.22345616194185297
SG_003151,0.1762704877713802
SG_003154,0.171613904179341
SG_003158,0.23693473074197746
SG_003160,0.14312418806830352
SG_003164,0.20029979296694966
SG_003168,0.1479285377348939
SG_003169,0.1376974450923756
SG_003174,0.12464553970025537
SG_003179,0.19910807738377645
SG_003184,0.15307256244277073
SG_003186,0.1313238973612828
SG_003193,0.19027296477038558
SG_003196,0.14233138292288133
SG_003198,0.19313577757392392
SG_003201,0.16858240563033144
SG_003204,0.20745681590259765
SG_003205,0.16076488600163769
SG_003206,0.13152492829532106
SG_003211,0.18672965977430345
SG_003214,0.1645525912730722
SG_003215,0.16250710093023704
SG_003216,0.17808482002466178
SG_003217,0.1741027298525843
SG_003219,0.13329115713077955
SG_003226,0.18634872922964077
SG_003227,0.1731767887531767
SG_003230,0.17715622714129164
SG_003231,0.18213923866313303
SG_003232,0.12579855774168697
SG_003234,0.17114188863828197
SG_003239,0.1599887000964991
SG_003241,0.11449888903720892
SG_003243,0.1590705410776784
SG_003250,0.14640892176184755
SG_003253,0.18345577783077482
SG_003256,0.14578546799638714
SG_003259,0.15567539677387698
SG_003266,0.20158598114074772
SG_003272,0.19116078291209226
SG_003273,0.15006761244478997
SG_003281,0.11785801439078653
SG_003284,0.15957493936628814
SG_003288,0.10939271935053277
SG_003293,0.158250711078983
SG_003294,0.20641027874243614
SG_003295,0.1880487550715175
SG_003296,0.1364755582918939
SG_003301,0.17187608543592114
SG_003304,0.15770156434966706
SG_003305,0.18947572160035234
SG_003307,0.21221035071073202
SG_003310,0.18664463190615188
SG_003314,0.16233048945158318
SG_003321,0.14226587065474244
SG_003325,0.1703555018007333
SG_003328,0.1887668444866019
SG_003331,0.17971665485856825
SG_003332,0.18916004387137253
SG_003333,0.1686683254533148
SG_003340,0.16428856190647068
SG_003341,0.1846571409984731
SG_003342,0.15308260056197925
SG_003349,0.16266857575757454
SG_003355,0.14492948934871547
SG_003357,0.22922751729949425
SG_003361,0.1418432703875196
SG_003370,0.2194296113860592
SG_003371,0.17926222348012105
SG_003373,0.17681877789403727
SG_003374,0.2508546584788994
SG_003379,0.15599663064776148
SG_003388,0.12044825838092102
SG_003389,0.19081273358781065
SG_003390,0.1321530335597882
SG_003391,0.21850517217579538
SG_003392,0.1469440763442609
SG_003393,0.275386365854462
SG_003397,0.12414300396883815
SG_003398,0.1408135774684952
SG_003399,0.1366379765749823
SG_003402,0.21295309861666478
SG_003404,0.16479132875566432
SG_003407,0.12914585796613165
SG_003408,0.16864500658591128
SG_003422,0.12608441636350015
SG_003426,0.19655672925557494
SG_003430,0.16268144089601938
SG_003434,0.11227328890869337
SG_003437,0.1841933557730506
SG_003439,0.13026720352396506
SG_003440,0.14466320327700363
SG_003441,0.10509281989345932
SG_003444,0.17716987151974836
SG_003447,0.20928827781102882
SG_003452,0.11481094141373295
SG_003453,0.3146710633207426
SG_003464,0.17333437090491094
SG_003469,0.13608606643868165
SG_003475,0.17159127638124458
SG_003477,0.2002155541063381
SG_003479,0.15598361115311823
SG_003480,0.15689887349501347
SG_003482,0.22726651911068194
SG_003483,0.25597496877242626
SG_003485,0.12919080610048353
SG_003486,0.20648917363232278
SG_003489,0.10219517557903848
SG_003491,0.13449696395089353
SG_003492,0.11801555846206357
SG_003493,0.14553384208217254
SG_003501,0.162747400854057
SG_003505,0.18668543897098108
SG_003509,0.10684270511560452
SG_003517,0.17746782788340637
SG_003521,0.14382895400666273
SG_003526,0.13156024127012428
SG_003528,0.1463034535381727
SG_003532,0.13866258764164535
SG_003535,0.12128063062035557
SG_003538,0.17065774188606314
SG_003541,0.11875733919017176
SG_003545,0.13364868387443574
SG_003548,0.16578657400805347
SG_003549,0.167529777388482
SG_003554,0.12102948003782578
SG_003557,0.254767916885991
SG_003566,0.19117675958976016
SG_003568,0.13846957504877325
SG_003572,0.15834285146806582
SG_003575,0.20870486108229072
SG_003578,0.1449259953967333
SG_003584,0.15716206043631262
SG_003585,0.1757387428350401
SG_003588,0.1840580782709108
SG_003589,0.16856279094085821
SG_003594,0.15730935870137233
SG_003597,0.17099066358376072
SG_003598,0.1697227216467181
SG_003601,0.21622654074936537
SG_003603,0.20294327622658448
SG_003610,0.1637371677180146
SG_003611,0.14155848693841472
SG_003613,0.20589986957742093
SG_003618,0.14828652105822657
SG_003619,0.13559644317883215
SG_003620,0.17834034978121582
SG_003625,0.21236930159235556
SG_003627,0.15402398551874869
SG_003628,0.16604425248312302
SG_003629,0.14645584835926118
SG_003637,0.2276582461998746
SG_003648,0.13016327011737577
SG_003650,0.12173832005133638
SG_003666,0.146082466710874
SG_003668,0.18386328745982974
SG_003670,0.16283492558193924
SG_003671,0.12445984745817457
SG_003689,0.1753913843856879
SG_003691,0.14036024324615998
SG_003699,0.1939398517678468
SG_003702,0.17327510493337644
SG_003704,0.14676413098428434
SG_003705,0.1705917902037371
SG_003706,0.1981213584514402
SG_003708,0.10783027272807819
SG_003710,0.1296889246992334
SG_003711,0.14324550670721317
SG_003714,0.15634228395952168
SG_003715,0.19146605211221968
SG_003722,0.2197199067235068
SG_003745,0.1834404852409099
SG_003746,0.14265315278739052
SG_003751,0.1272306725251533
SG_003754,0.16928119091844374
SG_003757,0.22091606286273577
SG_003758,0.1728574944475881
SG_003765,0.1377639083136996
SG_003767,0.13429405038047446
SG_003768,0.1272427157901597
SG_003769,0.14665013067002744
SG_003777,0.1731075974858817
SG_003783,0.1476566792469024
SG_003786,0.14573876279542836
SG_003787,0.15651970558819397
SG_003788,0.1446768603519753
SG_003792,0.1240252052156394
SG_003795,0.16000508608314803
SG_003806,0.18924259134977522
SG_003807,0.19124593317552063
SG_003809,0.1770631733517011
SG_003810,0.1361078786185309
SG_003812,0.2089781348470015
SG_003820,0.18790847251823006
SG_003822,0.17968585485629784
SG_003829,0.21078152105927633
SG_003835,0.11149293440065046
SG_003843,0.23216565111848203
SG_003844,0.17586570135016644
SG_003851,0.11851488626791973
SG_003852,0.19272492900304708
SG_003856,0.1676534217711466
SG_003860,0.17662146309951288
SG_003863,0.15237472582641196
SG_003865,0.17658682859284014
SG_003868,0.1885361135734769
SG_003869,0.11917268757843857
SG_003874,0.15876444521598115
SG_003878,0.19603104385668912
SG_003880,0.16093232648639902
SG_003881,0.15108581937324325
SG_003886,0.15244639613653277
SG_003896,0.15421780459086637
SG_003904,0.16358323784346082
SG_003905,0.21382264412120333
SG_003906,0.1706421091135586
SG_003907,0.15419885322383503
SG_003908,0.16042926617442527
SG_003910,0.18073632000035678
SG_003917,0.16605719768488875
SG_003919,0.19153752106472013
SG_003920,0.18627441439323603
SG_003921,0.1301728930319388
SG_003922,0.23764284583534656
SG_003925,0.13501899930704808
SG_003926,0.16053289841853924
SG_003935,0.1419751809004097
SG_003937,0.15364726479879712
SG_003940,0.17927606439612515
SG_003941,0.15048778547264755
SG_003945,0.24810888364701353
SG_003951,0.2696393693999968
SG_003958,0.1290000289506505
SG_003959,0.1365776079379014
SG_003961,0.20651957232651863
SG_003966,0.17643645375908842
SG_003967,0.16082808613020538
SG_003969,0.1783602457847966
SG_003972,0.17218547538507403
SG_003977,0.1649200168838925
SG_003978,0.13113412626787702
SG_003979,0.24579865294700595
SG_003988,0.1385668321188409
SG_003992,0.20433878645985912
SG_003994,0.15121839591567426
SG_003995,0.18435056593063825
SG_004001,0.15560009869862212
SG_004002,0.13849923218955568
SG_004011,0.13907925393293816
SG_004012,0.1478302087090453
SG_004016,0.23753510405717623
SG_004019,0.18840369714985167
SG_004034,0.1643811902392465
SG_004036,0.15815101805961157
SG_004041,0.23166755652696225
SG_004042,0.1742819918600217
SG_004045,0.12936879728100367
SG_004048,0.24397390259252666
SG_004049,0.11761811848603128
SG_004050,0.1898856924607934
SG_004054,0.18552566874500198
SG_004060,0.17054215877351958
SG_004063,0.15632059835211579
SG_004064,0.1397966053846983
SG_004065,0.2210992996697531
SG_004066,0.13059853383244252
SG_004071,0.14349587526120314
SG_004074,0.12814073659007486
SG_004078,0.19265383678398315
SG_004079,0.12950696157314337
SG_004080,0.16094427508191053
SG_004081,0.22685783793481412
SG_004083,0.21483701190580096
SG_004087,0.14163146778968055
SG_004089,0.14428001803481447
SG_004091,0.12509648635231438
SG_004093,0.18731640462802346
SG_004094,0.2099998579522897
SG_004100,0.14769239763031308
SG_004107,0.19368611441025066
SG_004109,0.13770079896276077
SG_004110,0.18253714134908983
SG_004111,0.18295888988689302
SG_004123,0.12249152296778362
SG_004126,0.16001291213499352
SG_004127,0.11579200882780441
SG_004129,0.15814888582970774
SG_004130,0.15237846760126567
SG_004131,0.18604610496920815
SG_004136,0.13945848982149733
SG_004140,0.14360483974161065
SG_004149,0.1382484149527361
SG_004152,0.19774581812341857
SG_004155,0.20800078446289966
SG_004157,0.13952452984256072
SG_004163,0.15213383033502587
SG_004164,0.16646209492460218
SG_004168,0.15762370627349834
SG_004170,0.17208378282063275
SG_004171,0.14877437804055563
SG_004174,0.1282017610163008
SG_004175,0.17201008474516172
SG_004178,0.1385998409482296
SG_004181,0.20877104850524592
SG_004184,0.22210768027684802
SG_004186,0.1812822086099109
SG_004187,0.19242829412815163
SG_004191,0.14339875041347452
SG_004192,0.19987498482425792
SG_004197,0.1716759669191545
SG_004201,0.2007944070519184
SG_004204,0.22733304169149293
SG_004207,0.18528878398410692
SG_004209,0.2570271953194421
SG_004214,0.23298802897081827
SG_004218,0.15388411567323806
SG_004220,0.12333873943240137
SG_004223,0.14165409277085447
SG_004224,0.17355672776897973
SG_004225,0.16499822322231314
SG_004228,0.1550009198162287
SG_004229,0.15674168135875496
SG_004230,0.15829709013352006
SG_004235,0.11686531679877753
SG_004238,0.188407119156858
SG_004239,0.2697108087408148
SG_004244,0.17982249308322334
SG_004253,0.1939344705481503
SG_004256,0.1603559884628522
SG_004257,0.1872183721447701
SG_004258,0.18042588666620984
SG_004262,0.19532971755428907
SG_004263,0.13458184142176696
SG_004265,0.1573655666224505
SG_004268,0.15934123622011861
SG_004269,0.16850790896554144
SG_004271,0.14549130480558975
SG_004286,0.16124223447014868
SG_004289,0.15900001342970677
SG_004290,0.17863182720633033
SG_004291,0.20389677688257973
SG_004297,0.17652923492528977
SG_004300,0.2058880939106413
SG_004302,0.19670607626305545
SG_004305,0.16888682681365919
SG_004306,0.1946368385905411
SG_004312,0.1990648640748095
SG_004313,0.13370338190875947
SG_004315,0.22794548472646609
SG_004320,0.12880589210259089
SG_004321,0.1948796347124364
SG_004322,0.14454739671520273
SG_004325,0.1885930879757542
SG_004326,0.17248568749902116
SG_004339,0.15590345438881253
SG_004342,0.1783206144396272
SG_004347,0.20300019795588775
SG_004348,0.20398166951526786
SG_004349,0.20580524876452144
SG_004350,0.20853856545841187
SG_004357,0.11641719162124622
SG_004358,0.17724081167962047
SG_004359,0.15537291956009086
SG_004362,0.19019395874173303
SG_004365,0.13693846772866938
SG_004368,0.20010876368789585
SG_004369,0.16603923598646061
SG_004370,0.14187054171411057
SG_004378,0.19944193029562535
SG_004379,0.16456954286197678
SG_004388,0.2057698754289454
SG_004390,0.12509205551464195
SG_004391,0.1524675082350581
SG_004401,0.12527362315453064
SG_004404,0.2781951303666628
SG_004405,0.16376898338183626
SG_004406,0.15439567079619967
SG_004408,0.14894588368158698
SG_004415,0.150670429672981
SG_004417,0.11473736736492983
SG_004419,0.16450734011655332
SG_004420,0.24547697097019955
SG_004422,0.17675664007162756
SG_004423,0.13412827229679705
SG_004426,0.12874384942412778
SG_004427,0.14893435799188412
SG_004429,0.17562164634564742
SG_004432,0.14206806134348832
SG_004439,0.24295143872849126
SG_004445,0.18731297343185077
SG_004447,0.18666390134138452
SG_004448,0.11814653033127726
SG_004451,0.20455071263944186
SG_004457,0.213661454935687
SG_004458,0.12602523008193678
SG_004460,0.15361504724707759
SG_004461,0.23388790027915107
SG_004462,0.1107636586570157
SG_004464,0.1993890191483106
SG_004465,0.15989568516895447
SG_004469,0.14007275973070127
SG_004474,0.17126512504199629
SG_004475,0.13796390713303416
SG_004476,0.13769366545546016
SG_004477,0.1780111831878405
SG_004480,0.22042656775324088
SG_004482,0.1915262908006608
SG_004484,0.1600176131302189
SG_004486,0.14178943568855898
SG_004494,0.30018064287974233
SG_004504,0.1445258927713558
SG_004508,0.19906402606200405
SG_004509,0.23001438875442717
SG_004511,0.17296704782292793
SG_004514,0.17028793231834516
SG_004515,0.18801125046915912
SG_004518,0.1713828803041786
SG_004521,0.1275206557031489
SG_004526,0.18999381877972657
SG_004530,0.18278811953880186
SG_004534,0.18116453236478813
SG_004536,0.13424073636844866
SG_004538,0.15635631767256528
SG_004539,0.2398050631521603
SG_004541,0.1684891058221703
SG_004549,0.15537105929692827
SG_004552,0.17079819748354197
SG_004553,0.1560232039335498
SG_004556,0.15908968880620622
SG_004559,0.16436030978018712
SG_004562,0.15225756477905839
SG_004565,0.1703422872079513
SG_004568,0.15576397834870342
SG_004576,0.15216361640140744
SG_004577,0.1541373486657031
SG_004593,0.23178245387682544
SG_004594,0.18566308996262182
SG_004600,0.20997549866313198
SG_004602,0.20966638394072096
SG_004608,0.15850903244743952
SG_004609,0.18425187229021867
SG_004612,0.1578750437580197
SG_004614,0.12630844371827665
SG_004617,0.15422321884553064
SG_004620,0.11712393287092936
SG_004623,0.155834374978216
SG_004626,0.2305044096942703
SG_004631,0.2118158480735138
SG_004632,0.14005705626771647
SG_004633,0.19380518251336445
SG_004635,0.19486482868100377
SG_004637,0.1698003004929843
SG_004638,0.16873696257246468
SG_004641,0.19646274976397718
SG_004645,0.15235506357077697
SG_004652,0.1695588934082563
SG_004653,0.15521975455383996
SG_004655,0.21156727842887288
SG_004656,0.1556985816579641
SG_004658,0.1490829182898441
SG_004659,0.15012877674100797
SG_004662,0.15836552557831143
SG_004664,0.13277670018242388
SG_004668,0.15898443433016168
SG_004669,0.16344462530762333
SG_004672,0.20202256133972463
SG_004676,0.1690574464137899
SG_004682,0.16011648062506673
SG_004685,0.25053652232498375
SG_004689,0.14574013407241088
SG_004695,0.1526595148112116
SG_004697,0.15276469672001414
SG_004700,0.15561075204200508
SG_004701,0.26100591779517124
SG_004709,0.16809268289523002
SG_004710,0.12820743225943926
SG_004712,0.1372630229826113
SG_004716,0.17509078414550933
SG_004720,0.11472399529628281
SG_004721,0.12798160587111856
SG_004723,0.1624110970583589
SG_004731,0.20775865367279506
SG_004736,0.19468333358099435
SG_004737,0.18183560889495515
SG_004738,0.1517147383556311
SG_004739,0.20204447481732882
SG_004742,0.17821759264940717
SG_004751,0.217740680922132
SG_004753,0.1142311882435921
SG_004755,0.21350622782722783
SG_004757,0.17612308189165488
SG_004760,0.1482011006144007
SG_004761,0.12940551947828022
SG_004762,0.11325299705727504
SG_004763,0.2050061115600263
SG_004764,0.2026701515428171
SG_004766,0.17764547793947938
SG_004769,0.13531956935065492
SG_004772,0.13829965970347466
SG_004773,0.16953550114734106
SG_004782,0.12412593976415774
SG_004784,0.1792867329380195
SG_004786,0.23809906918928042
SG_004787,0.16463601372834546
SG_004789,0.10758170539599048
SG_004797,0.16781384577896968
SG_004798,0.14845934637812697
SG_004799,0.25859302246494464
SG_004801,0.25222682889210746
SG_004804,0.23411254561541014
SG_004813,0.1518895752938874
SG_004816,0.27077963307200514
SG_004817,0.13787351005116374
SG_004818,0.18135452119667478
SG_004821,0.15598165437544154
SG_004827,0.1751097612254772
SG_004828,0.15353943250215843
SG_004829,0.16669259366555733
SG_004830,0.2681086558364829
SG_004831,0.1754163222438714
SG_004836,0.14757510574247984
SG_004840,0.1440352305562015
SG_004842,0.14203854502143026
SG_004844,0.1435544737687452
SG_004846,0.2097676153757377
SG_004853,0.15840207569146783
SG_004855,0.20892320451491048
SG_004856,0.14933320146280413
SG_004866,0.12306885021036455
SG_004867,0.10622109431630186
SG_004868,0.29044436748100466
SG_004873,0.19963297541036412
SG_004877,0.13780946045669767
SG_004881,0.15886953659793407
SG_004882,0.18102083511856454
SG_004887,0.17525702828333023
SG_004898,0.2701033980196771
SG_004900,0.1887318731017831
SG_004906,0.23959006836262675
SG_004907,0.17963532210836103
SG_004912,0.20828427905394248
SG_004913,0.13661618600244457
SG_004919,0.15121150804087427
SG_004922,0.19380038639304603
SG_004923,0.19289441748509026
SG_004925,0.1428663612269542
SG_004927,0.16957454431283295
SG_004929,0.21426516758931408
SG_004930,0.22545080990146402
SG_004939,0.19214564787086633
SG_004942,0.12329532884805974
SG_004944,0.13337734336932197
SG_004945,0.14324282592188398
SG_004959,0.15658224658152217
SG_004960,0.1820991134811199
SG_004964,0.1487813358595077
SG_004968,0.24288224165549704
SG_004969,0.16562818902693577
SG_004973,0.21651619804690622
SG_004975,0.1858306342735197
SG_004981,0.2045407443919307
SG_004985,0.26337578933959693
SG_004988,0.17365706175331813
SG_004990,0.16004366699384742
SG_004993,0.13787022201866939
SG_004997,0.12493949656307164
SG_005000,0.13260112299802213
SG_005002,0.3180424611970424
SG_005004,0.2417113727792805
SG_005011,0.1879417016261
SG_005013,0.14811423348307617
SG_005018,0.1467774345229511
SG_005019,0.14891320705290856
SG_005020,0.1485804825873463
SG_005022,0.12112730041003758
SG_005027,0.15592817837373768
SG_005029,0.11918278769677791
SG_005030,0.1647074992897252
SG_005031,0.15129680666535256
SG_005033,0.126738277640845
SG_005037,0.1368069527644063
SG_005041,0.13758738257572925
SG_005048,0.17598513642984903
SG_005049,0.15749944038462224
SG_005052,0.16378945261930783
SG_005057,0.17086901891314066
SG_005058,0.1543500024240334
SG_005062,0.24102022318664834
SG_005080,0.13310854095268024
SG_005085,0.11964829542900007
SG_005086,0.22101426250218031
SG_005089,0.19927550658963558
SG_005090,0.14130672809220116
SG_005091,0.23203028192184663
SG_005094,0.17102462749856046
SG_005097,0.20138817404408238
SG_005098,0.14961386815616393
SG_005100,0.19431278795660784
SG_005101,0.20090600665858493
SG_005102,0.23071239657277642
SG_005108,0.2412197877165147
SG_005110,0.26774690597195583
SG_005114,0.16401083085715218
SG_005120,0.17289994377375495
SG_005122,0.17702685211510638
SG_005123,0.16449301049082282
SG_005126,0.22510587499454968
SG_005131,0.15430622873895983
SG_005132,0.10740011035200385
SG_005134,0.14474736113670927
SG_005137,0.14480020100689345
SG_005140,0.1744582063788918
SG_005141,0.1635326308145585
SG_005142,0.18721201976161506
SG_005143,0.11804885052314414
SG_005148,0.1873258668062071
SG_005161,0.18326845163996136
SG_005168,0.19529262870134023
SG_005170,0.13166975100002334
SG_005171,0.16854007126121834
SG_005174,0.17694956557691044
SG_005175,0.15354093152301862
SG_005178,0.1858347735712691
SG_005179,0.11460558764346641
SG_005188,0.17824174901665857
SG_005190,0.18747140177159247
SG_005191,0.12973736177912581
SG_005194,0.20675487764415545
SG_005196,0.12780286002549085
SG_005199,0.1432887285578005
SG_005200,0.13884375054803472
SG_005203,0.1675334907153923
SG_005205,0.1904732920420203
SG_005213,0.12672476298070737
SG_005214,0.19605289133354947
SG_005216,0.22798869005167766
SG_005220,0.1388492594480859
SG_005224,0.1409094902463054
SG_005228,0.17342780442972072
SG_005233,0.15933670703081668
SG_005235,0.18477606679350292
SG_005240,0.11001507226361742
SG_005241,0.2020521398580229
SG_005246,0.15909338821092914
SG_005247,0.1506452119509579
SG_005248,0.1537684818865228
SG_005250,0.17246775185063906
SG_005251,0.14691351349248907
SG_005253,0.1447810481326152
SG_005255,0.1465029961798867
SG_005264,0.1976393452999236
SG_005268,0.1086180574248199
SG_005270,0.17863634153456223
SG_005277,0.2280633854032903
SG_005282,0.13423874000771271
SG_005283,0.2024099069904546
SG_005284,0.18346754407949462
SG_005287,0.2259193667847343
SG_005289,0.17991018186420787
SG_005291,0.21147262933159033
SG_005292,0.13641781418815818
SG_005296,0.11267489721587266
SG_005302,0.14864666881877053
SG_005305,0.14907852005562516
SG_005311,0.1858724857109469
SG_005312,0.17204227364011443
SG_005313,0.17437734162866292
SG_005316,0.162908546982876
SG_005320,0.22813179720095417
SG_005321,0.20493498137165392
SG_005322,0.2033969294580747
SG_005323,0.22690620788422888
SG_005325,0.17268885590753258
SG_005328,0.15883334935208496
SG_005329,0.1657208564412971
SG_005332,0.22561813202313513
SG_005333,0.2331052791546696
SG_005335,0.15624270291539982
SG_005340,0.16589393929404306
SG_005341,0.1616094930422435
SG_005346,0.17950060285374375
SG_005350,0.30028752413599663
SG_005351,0.13868415039341447
SG_005353,0.11573260001872643
SG_005356,0.14497903791517414
SG_005360,0.20348757299808623
SG_005362,0.16794326886116503
SG_005363,0.12513484376414996
SG_005365,0.18223322698546407
SG_005371,0.16421086309556132
SG_005372,0.16335389323748745
SG_005376,0.1965819827825491
SG_005378,0.18961874033195836
SG_005379,0.11676885014333904
SG_005380,0.21985849260062967
SG_005384,0.19990700796881683
SG_005386,0.15756566006362524
SG_005387,0.23197371164229724
SG_005397,0.17710219428058
SG_005401,0.18867449712534518
SG_005408,0.22519638262798708
SG_005412,0.1573345855285988
SG_005414,0.19950706821079695
SG_005421,0.1815069914373007
SG_005424,0.14280852376789252
SG_005428,0.194428113573004
SG_005432,0.15765996016201878
SG_005439,0.2536756963484138
SG_005444,0.1496936170866142
SG_005445,0.1792150946372519
SG_005446,0.16101835638617226
SG_005447,0.22666692788786583
SG_005449,0.16486495749369126
SG_005450,0.1855766130626863
SG_005451,0.19637240493347724
SG_005452,0.1380216406463141
SG_005456,0.17915917878651874
SG_005457,0.13567707211217228
SG_005459,0.10387351249387045
SG_005460,0.16898409974381065
SG_005465,0.23328635495268876
SG_005466,0.1933820710099198
SG_005470,0.23500469028644616
SG_005473,0.20089776967123193
SG_005477,0.19801145028874456
SG_005486,0.15385296703510618
SG_005489,0.16650810622947035
SG_005491,0.2951514749917728
SG_005496,0.16140473222952778
SG_005497,0.2215596564114235
SG_005499,0.16823533323951215
SG_005503,0.15220664665590136
SG_005504,0.1567797407058397
SG_005506,0.1458384086213832
SG_005510,0.15366161673550005
SG_005511,0.27827514139914483
SG_005515,0.1333306772036973
SG_005518,0.19203505616127123
SG_005519,0.2070376586745343
SG_005524,0.1879097438700284
SG_005529,0.19022612755723112
SG_005530,0.162121876801718
SG_005531,0.15531144856522458
SG_005532,0.13262349074306584
SG_005534,0.15540691514150792
SG_005535,0.20152850746019163
SG_005541,0.17714890788112644
SG_005542,0.1620780693484748
SG_005550,0.12055281437858914
SG_005555,0.1434936715145173
SG_005557,0.148523115989194
SG_005565,0.15060922744791796
SG_005569,0.147415274390048
SG_005572,0.13771997181563958
SG_005575,0.14112710544980453
SG_005579,0.30341861777748796
SG_005580,0.1672173718904774
SG_005583,0.1373920682009749
SG_005591,0.20200616982432174
SG_005592,0.1394962206557652
SG_005593,0.15478352688180427
SG_005594,0.1658559392916027
SG_005599,0.18062517397123512
SG_005603,0.22014779974959947
SG_005606,0.1489587340840519
SG_005611,0.1676403217361892
SG_005615,0.2967728930117533
SG_005622,0.1900231153336038
SG_005625,0.16959956171758184
SG_005630,0.169422382031318
SG_005634,0.1590203388949904
SG_005635,0.18554984792264598
SG_005636,0.21701292087052582
SG_005638,0.1999847150916335
SG_005640,0.167252914057471
SG_005643,0.16004333990056735
SG_005644,0.13512615059555033
SG_005645,0.14808015288131093
SG_005650,0.19061037498481026
SG_005654,0.23034967955933439
SG_005655,0.12709860026035985
SG_005656,0.15790385055423994
SG_005661,0.265217104376258
SG_005664,0.11598336833000322
SG_005666,0.170904991545547
SG_005671,0.165534070601634
SG_005681,0.1705811018020794
SG_005683,0.19716940202496314
SG_005687,0.16865079282119538
SG_005688,0.1895235654637436
SG_005691,0.17788548417381114
SG_005692,0.16486487451776116
SG_005693,0.1708034635508146
SG_005694,0.2222701860707032
SG_005696,0.17866627951753913
SG_005703,0.13589536981836803
SG_005704,0.21067336343274745
SG_005706,0.22765352978673137
SG_005707,0.18816757030664807
SG_005713,0.13212219594902547
SG_005715,0.16544083543302326
SG_005719,0.14703324400989287
SG_005722,0.10712136833181164
SG_005724,0.161177515990564
SG_005725,0.15715865081311323
SG_005726,0.12466374914662474
SG_005730,0.21181667582559588
SG_005735,0.13630873841494134
SG_005736,0.17547211825554848
SG_005740,0.17837109158957576
SG_005748,0.20321098352895256
SG_005750,0.1687200787469935
SG_005753,0.18267920150129952
SG_005758,0.14739099916285703
SG_005759,0.14754588948279568
SG_005764,0.1363537808590011
SG_005765,0.11148509472727519
SG_005772,0.1849549528684984
SG_005773,0.1314662028807503
SG_005776,0.1564309582521568
SG_005778,0.18202198176163645
SG_005784,0.15238601816107122
SG_005786,0.16068581883873662
SG_005789,0.17507710570544077
SG_005794,0.1664672308663956
SG_005796,0.1540884154042889
SG_005801,0.1578478094067151
SG_005807,0.12126225079061348
SG_005809,0.15041403966673414
SG_005811,0.18426097743966108
SG_005813,0.134399419843348
SG_005814,0.19128434541712497
SG_005817,0.13224410120896088
SG_005818,0.13699658795898645
SG_005820,0.11916090296801155
SG_005821,0.15712153587587863
SG_005824,0.12729019103229017
SG_005825,0.12960935068738602
SG_005827,0.15578008883048583
SG_005828,0.19242848521495237
SG_005830,0.14510637913908359
SG_005838,0.267981831847848
SG_005840,0.2323786331834119
SG_005842,0.16328522916087856
SG_005846,0.13402877078082856
SG_005847,0.11388759566001488
SG_005848,0.17094796416299293
SG_005857,0.2353582973970096
SG_005861,0.140547570487748
SG_005862,0.18400114146621857
SG_005871,0.15694956627430035
SG_005872,0.1960910582505494
SG_005873,0.15115360976148684
SG_005874,0.15399592086483027
SG_005875,0.16070729617014068
SG_005877,0.13718312982306352
SG_005880,0.12835789061266717
SG_005884,0.14968357416367437
SG_005892,0.22137730581393986
SG_005894,0.1539456110127606
SG_005898,0.19899990649446728
SG_005899,0.1596220940262853
SG_005905,0.17017961860998734
SG_005909,0.1119791594603913
SG_005910,0.17636976001610635
SG_005920,0.16718740537450377
SG_005921,0.23019316300100534
SG_005922,0.15039852648125307
SG_005925,0.17981011409288006
SG_005928,0.17001876011274453
SG_005932,0.1360403252466815
SG_005934,0.18831105986448765
SG_005935,0.1419294225943713
SG_005937,0.16824897295072275
SG_005939,0.14391459958142788
SG_005943,0.1834402356852227
SG_005951,0.1229096677104341
SG_005955,0.1768667200667832
SG_005959,0.23789990609222947
SG_005966,0.1596851611546019
SG_005967,0.24663850594524722
SG_005969,0.23566469132911272
SG_005976,0.21343768533261526
SG_005977,0.1588175951303662
SG_005979,0.19879261005498144
SG_005980,0.168479980314489
SG_005985,0.23789380305946747
SG_005986,0.24675642917097657
SG_005991,0.28229583363829935
SG_005999,0.13744811830830167
SG_006000,0.17948357629028153
SG_006004,0.182153515811941
SG_006009,0.2062241675824874
SG_006012,0.1621879268216158
SG_006013,0.15179374824945835
SG_006022,0.15996952503634826
SG_006023,0.15944444962430507
SG_006026,0.16331898118610005
SG_006028,0.17718985091266695
SG_006029,0.17867684488679925
SG_006033,0.1788737747503764
SG_006035,0.12474759097269988
SG_006036,0.14721427522336022
SG_006038,0.20682928296868774
SG_006039,0.21844187357325795
SG_006041,0.11796443067722209
SG_006047,0.17318874327249734
SG_006049,0.17016687937007602
SG_006050,0.20960588488928805
SG_006054,0.12771553322977747
SG_006063,0.17194587595250113
SG_006067,0.2669008735071937
SG_006069,0.24050057699923133
SG_006073,0.11364567878934922
SG_006074,0.11884528480369652
SG_006075,0.12800566068460578
SG_006076,0.17225785867028204
SG_006077,0.21261031280552867
SG_006079,0.21744212691434636
SG_006081,0.1406315487810091
SG_006086,0.11686619044770127
SG_006092,0.16559148851641325
SG_006095,0.16859908335936286
SG_006097,0.16753768700352406
SG_006099,0.20641132019260633
SG_006101,0.16952361831263263
SG_006112,0.20652293441739977
SG_006122,0.1611069189530276
SG_006127,0.18089657724933733
SG_006131,0.13396646778375002
SG_006133,0.1625822152733163
SG_006136,0.16283323381747056
SG_006137,0.19868003672959517
SG_006140,0.18277755965266387
SG_006143,0.15973117246217652
SG_006148,0.13818687777583932
SG_006150,0.17631881143496358
SG_006151,0.20616990995285608
SG_006154,0.11047076838354897
SG_006161,0.13992044364756584
SG_006163,0.16329030009548218
SG_006169,0.16224356660636172
SG_006170,0.14424961675178505
SG_006179,0.17257969355724911
SG_006181,0.15986194497214629
SG_006184,0.1499687544547063
SG_006187,0.12082162259407936
SG_006189,0.1949722707529553
SG_006197,0.14451524058017645
SG_006202,0.15314660551926898
SG_006206,0.14445922447760295
SG_006212,0.1767472072478008
SG_006213,0.15434435309418762
SG_006218,0.15847837453633745
SG_006222,0.16482062269065334
SG_006224,0.1506942803381683
SG_006225,0.28509535243222806
SG_006226,0.23111478479749398
SG_006229,0.1312649313189678
SG_006237,0.227655384922736
SG_006238,0.11446650459631807
SG_006240,0.11936228633159854
SG_006241,0.15593442517419465
SG_006242,0.14923022928911775
SG_006244,0.1690223976959831
SG_006245,0.1412229356580019
SG_006247,0.15711847152727856
SG_006250,0.14104913037146877
SG_006251,0.16266009169994072
SG_006252,0.18051348948197254
SG_006254,0.15572103356642208
SG_006256,0.19967558130072616
SG_006260,0.16736766609945347
SG_006262,0.1798256031816695
SG_006263,0.1651370721732871
SG_006264,0.1474903361666702
SG_006266,0.27384243179352347
SG_006269,0.20570085022631038
SG_006275,0.2416417106145333
SG_006277,0.12815319161170996
SG_006283,0.15798065069666986
SG_006284,0.13505909871818345
SG_006287,0.14606156514513113
SG_006288,0.15879424152700933
SG_006300,0.1643227159305067
SG_006301,0.1530665577991654
SG_006304,0.1514936229960917
SG_006306,0.16173219341067702
SG_006313,0.16281505132818672
SG_006315,0.16413745994547546
SG_006317,0.18287369852923968
SG_006320,0.17276447890097885
SG_006322,0.2610967615634467
SG_006326,0.15129866421584293
SG_006328,0.19695489138242717
SG_006331,0.17015212088231527
SG_006337,0.18680913801038235
SG_006340,0.1929153104039129
SG_006345,0.19192130603887292
SG_006348,0.13242083901670323
SG_006349,0.14641193498386507
SG_006356,0.2174514192903061
SG_006357,0.13727071633174168
SG_006358,0.1676964319212918
SG_006360,0.21323608863271185
SG_006371,0.15805392157771558
SG_006373,0.21578250140987015
SG_006380,0.16182703710325066
SG_006382,0.14314093135574624
SG_006388,0.10589244229509832
SG_006393,0.17464516902719163
SG_006394,0.14691352245652792
SG_006396,0.11860883409847624
SG_006398,0.14464434037534596
SG_006400,0.15439132650170384
SG_006403,0.14292282852123506
SG_006404,0.1459911747304531
SG_006411,0.13813932345989455
SG_006417,0.18641815603922474
SG_006418,0.19712186687527825
SG_006420,0.1971162086283761
SG_006421,0.12734434673228673
SG_006423,0.12888131516743245
SG_006424,0.1646428870065887
SG_006429,0.19638947886151828
SG_006435,0.1447809206949828
SG_006438,0.14819361939649867
SG_006439,0.1784019188157115
SG_006441,0.12686450907768415
SG_006445,0.14374515753439593
SG_006446,0.16698649338820357
SG_006448,0.1842721707635812
SG_006451,0.1435909253910509
SG_006452,0.188399966917275
SG_006455,0.18268020702020724
SG_006463,0.1888624273161815
SG_006467,0.15186323112590755
SG_006469,0.18236650186211695
SG_006470,0.14738223251146237
SG_006477,0.15649876663136003
SG_006480,0.22652994982118602
SG_006486,0.12312517364688111
SG_006487,0.13912195243902425
SG_006488,0.21198167822835393
SG_006490,0.23282716635958
SG_006491,0.19246948207626108
SG_006493,0.16332627955895396
SG_006494,0.14920703434341068
SG_006496,0.13381845829305533
SG_006497,0.2280603031779313
SG_006498,0.21217499920511446
SG_006500,0.2090199002961622
SG_006502,0.1390535074960618
SG_006503,0.18875166235427276
SG_006505,0.22536966073372752
SG_006506,0.20051690805539257
SG_006507,0.1405948474298304
SG_006512,0.13184124075688997
SG_006516,0.1650328267016971
SG_006520,0.14406699465305828
SG_006522,0.1469117212800036
SG_006528,0.18832613747401417
SG_006534,0.16394389098703613
SG_006535,0.16344353478658835
SG_006536,0.1505158799407559
SG_006537,0.16262225712184564
SG_006539,0.20637913875068412
SG_006541,0.14660550103034298
SG_006543,0.20260866400679067
SG_006545,0.19706971383261457
SG_006548,0.16418223231294296
SG_006550,0.125726389419726
SG_006551,0.1311401665047761
SG_006557,0.16684019988831372
SG_006560,0.11791094822728643
SG_006564,0.24658166724124247
SG_006566,0.16714492756851843
SG_006567,0.14557318329395355
SG_006577,0.14539717575423788
SG_006579,0.15510753313391745
SG_006581,0.13809429610283663
SG_006588,0.15260087389118396
SG_006592,0.19160722922326706
SG_006597,0.11464759767172852
SG_006601,0.13923407319360542
SG_006607,0.13147169565816527
SG_006608,0.13830621339465954
SG_006610,0.14018169045083498
SG_006615,0.17360255288138082
SG_006616,0.14983162433900646
SG_006620,0.1636347715461619
SG_006622,0.15640813830528444
SG_006623,0.17687173675336415
SG_006624,0.15886149777594327
SG_006626,0.16121539520047307
SG_006627,0.23959068409973378
SG_006633,0.13401343055616644
SG_006637,0.17880673340311226
SG_006638,0.1636862496437433
SG_006639,0.1859397886227211
SG_006644,0.18645743164321968
SG_006645,0.17807731023018705
SG_006651,0.17653312453593625
SG_006659,0.14424263294517212
SG_006664,0.14998203420148704
SG_006668,0.15688477897493947
SG_006673,0.14144920559263852
SG_006687,0.15920771282038262
SG_006688,0.20912228698226593
SG_006690,0.1655023573336802
SG_006693,0.17808220528976848
SG_006698,0.1338537023779327
SG_006700,0.1784434499157892
SG_006706,0.13684377855926289
SG_006710,0.13051753354683712
SG_006713,0.1435787976907826
SG_006716,0.18561421593328742
SG_006728,0.1390885759218043
SG_006734,0.17011793830375355
SG_006736,0.19531856922027374
SG_006744,0.17398516190178992
SG_006745,0.15503985855764793
SG_006749,0.14961725698529363
SG_006758,0.17606120521851387
SG_006760,0.16626021016807058
SG_006765,0.1918411900291914
SG_006766,0.19682004794655616
SG_006769,0.16598376602662185
SG_006778,0.1633117191057761
SG_006780,0.13479556042284283
SG_006781,0.1556534585998802
SG_006786,0.18343996321368417
SG_006789,0.17338831351173067
SG_006792,0.19607623618145237
SG_006793,0.13150911506885984
SG_006800,0.20996261696331486
SG_006802,0.1670102119184103
SG_006808,0.14363799257512294
SG_006820,0.14793953594563317
SG_006833,0.14050298601638161
SG_006835,0.16892322098317009
SG_006837,0.16017343286228586
SG_006841,0.15904678993570756
SG_006847,0.17126454926443574
SG_006848,0.14631095957669826
SG_006851,0.14542529641069896
SG_006852,0.18176964872226126
SG_006860,0.1580694265428135
SG_006861,0.1445709181642011
SG_006863,0.13662221849545256
SG_006866,0.1775384005947434
SG_006868,0.19310108053084513
SG_006874,0.14581788483202554
SG_006877,0.1494291185184468
SG_006879,0.1547993030482776
SG_006880,0.13527586961449
SG_006881,0.1695031002374451
SG_006889,0.11897776185000619
SG_006890,0.2234021997149716
SG_006897,0.2687071458203464
SG_006901,0.17684056654022584
SG_006908,0.1626609217815721
SG_006910,0.1619592106856035
SG_006914,0.23979705504343668
SG_006918,0.1628434163473073
SG_006924,0.141696316020809
SG_006925,0.18412624188427834
SG_006927,0.15668899385765797
SG_006929,0.15064701232868874
SG_006937,0.1914330384754661
SG_006938,0.13015576697323356
SG_006940,0.17907611954911995
SG_006942,0.1397936353760468
SG_006945,0.1194188061958385
SG_006949,0.1882969653092205
SG_006950,0.2202707376456316
SG_006951,0.17388165612162054
SG_006953,0.1268119568708692
SG_006954,0.13778911598446847
SG_006956,0.19740708690352332
SG_006957,0.2306768026187408
SG_006962,0.1662683018765102
SG_006963,0.11911066886004107
SG_006964,0.14681012730539075
SG_006966,0.13357373433367692
SG_006970,0.15994661241043207
SG_006971,0.21561848574647927
SG_006972,0.16211693847970143
SG_006974,0.25660082024435865
SG_006977,0.17237906608778109
SG_006978,0.13302889664611517
SG_006981,0.23514731898139424
SG_006982,0.31886377526104415
SG_006983,0.12063905434818692
SG_006984,0.1414423866947714
SG_006987,0.18015384878737684
SG_006994,0.1427913358719535
SG_006997,0.1290319983738736
SG_007002,0.20264584466903335
SG_007005,0.1980572197060469
SG_007009,0.184022560824783
SG_007011,0.20487144793321127
SG_007017,0.12004034431289834
SG_007018,0.126873789436871
SG_007019,0.1617818829674026
SG_007029,0.1885851135393376
SG_007030,0.12249390435217175
SG_007033,0.17620788050000502
SG_007040,0.15114092309723964
SG_007047,0.25029324524518026
SG_007054,0.1407608893011366
SG_007055,0.22574178364254954
SG_007056,0.17966594476942882
SG_007061,0.16372709867336843
SG_007062,0.1519985601488941
SG_007067,0.1737677888200348
SG_007068,0.15722618126505258
SG_007069,0.19767921844153763
SG_007073,0.13015524267607098
SG_007075,0.16841340476588468
SG_007076,0.1307792807821943
SG_007078,0.18951635233588557
SG_007080,0.13857358440991116
SG_007091,0.14535364602322587
SG_007095,0.1865836449460273
SG_007100,0.1847108534298606
SG_007104,0.1808729807915819
SG_007112,0.16372630949472516
SG_007114,0.1758266232963348
SG_007127,0.12344290760752243
SG_007130,0.14002306161236378
SG_007133,0.17875120471799485
SG_007136,0.14772510402161476
SG_007138,0.23783136138449779
SG_007139,0.15457458321193557
SG_007143,0.1529561452657817
SG_007146,0.1691258318598237
SG_007150,0.14960664691626907
SG_007155,0.15701140204319058
SG_007157,0.164258630137379
SG_007160,0.24230254419946878
SG_007162,0.1536129152247687
SG_007163,0.16534688209373125
SG_007166,0.17449721577436927
SG_007168,0.14525558381738912
SG_007170,0.1672376948769587
SG_007179,0.16543097818516425
SG_007181,0.1355838137947937
SG_007183,0.17976306080590265
SG_007186,0.120148378613295
SG_007202,0.15120715949205993
SG_007203,0.18588593544304807
SG_007204,0.14955044575637144
SG_007205,0.19729783270319018
SG_007210,0.23325014384830572
SG_007212,0.188974099884996
SG_007215,0.11793139417241844
SG_007218,0.19183904663266957
SG_007226,0.15184511968681239
SG_007229,0.15322298508080873
SG_007231,0.18932299365082209
SG_007234,0.17168145138583274
SG_007237,0.27471035357159823
SG_007239,0.138418025537502
SG_007240,0.1797294651347743
SG_007249,0.18569807015641587
SG_007252,0.1234688232725584
SG_007255,0.15347169889291903
SG_007256,0.1782953838097478
SG_007257,0.21897353725961005
SG_007263,0.17770546885375693
SG_007264,0.13837998150057346
SG_007265,0.1731164370923884
SG_007268,0.15244962618952285
SG_007271,0.17432336495253847
SG_007275,0.17616895600767327
SG_007280,0.18833604649268826
SG_007281,0.18607038144308607
SG_007282,0.17567200409212247
SG_007283,0.13242158035265122
SG_007287,0.1483882321801111
SG_007288,0.17587273647665047
SG_007301,0.208385585503288
SG_007307,0.1800569658948873
SG_007310,0.14935835208755457
SG_007312,0.1715697126532837
SG_007314,0.21780028750554667
SG_007319,0.15823915387655893
SG_007326,0.18153506436800876
SG_007331,0.12086213259307808
SG_007333,0.2403314167469396
SG_007334,0.2139841073663784
SG_007338,0.12460125033975483
SG_007340,0.20357815849660948
SG_007345,0.13331649500373122
SG_007349,0.15817800811982272
SG_007356,0.1501523570614702
SG_007358,0.11404074686902455
SG_007368,0.15680529051577685
SG_007370,0.15235753560665993
SG_007371,0.1818325666494111
SG_007372,0.18417594654366612
SG_007375,0.15762269157489092
SG_007378,0.14080594389666473
SG_007379,0.14239295494405896
SG_007380,0.1969160901084238
SG_007383,0.11947566204983191
SG_007384,0.17548962414722752
SG_007389,0.17620161925449968
SG_007390,0.14214471365864217
SG_007401,0.23655169977969864
SG_007403,0.1815075190502227
SG_007406,0.14118138506833763
SG_007409,0.2688960595554526
SG_007410,0.21699321196598176
SG_007413,0.17836845041628
SG_007416,0.1716705274422557
SG_007419,0.1600751379202587
SG_007420,0.21476352570794355
SG_007423,0.18224278459751864
SG_007424,0.24434392534516342
SG_007428,0.1860510544557942
SG_007433,0.1642730189785459
SG_007434,0.12118053016074071
SG_007437,0.1615685453085643
SG_007441,0.20812527115479462
SG_007443,0.20669094429080276
SG_007450,0.1405852065377885
SG_007452,0.19665932148833068
SG_007455,0.1317813335090991
SG_007462,0.1417501451189414
SG_007464,0.2190888951576186
SG_007466,0.15382650318918722
SG_007469,0.14650290064714558
SG_007470,0.2642503033923034
SG_007472,0.14611492158021008
SG_007476,0.18904797416057942
SG_007486,0.21863109569980888
SG_007489,0.19313064833856528
SG_007490,0.16289450078707257
SG_007495,0.22494392374319225
SG_007499,0.2208158080600483
SG_007506,0.12534725605653935
SG_007508,0.1532259130930545
SG_007509,0.130560023481897
SG_007517,0.1743883903707489
SG_007518,0.20689140330706313
SG_007522,0.1995249524426034
SG_007524,0.17131283053507576
SG_007527,0.12553572614299077
SG_007535,0.15305041917230375
SG_007540,0.2350849963828942
SG_007546,0.1817912254518941
SG_007552,0.1997372820177523
SG_007553,0.17806549843469507
SG_007557,0.14477293485486317
SG_007558,0.20977689722044152
SG_007560,0.2045912743294749
SG_007568,0.12781544987061522
SG_007571,0.22509955184436414
SG_007573,0.16400847958017756
SG_007577,0.13895245596767153
SG_007578,0.1784575430245256
SG_007579,0.10550256697405412
SG_007582,0.23275102638176653
SG_007586,0.1272215764671722
SG_007587,0.19381251781104591
SG_007589,0.150832339204118
SG_007591,0.13682119005067256
SG_007595,0.1634929277659681
SG_007597,0.1683306931136594
SG_007599,0.1454141666584995
SG_007602,0.18551475720543567
SG_007605,0.11615532339765057
SG_007609,0.14103836494693012
SG_007614,0.1623491803088031
SG_007620,0.16389080405364562
SG_007628,0.22956610799047328
SG_007630,0.17248383576776688
SG_007646,0.1751412870778422
SG_007648,0.13721933569115363
SG_007654,0.16615262815560217
SG_007655,0.1766651497086944
SG_007656,0.2950166263844973
SG_007657,0.19040752913357512
SG_007658,0.13608473571514634
SG_007659,0.21129395607749854
SG_007660,0.15208907179235712
SG_007663,0.14171608279766545
SG_007665,0.2586611046880987
SG_007667,0.1686446606611341
SG_007670,0.1971971297248573
SG_007678,0.13593507690361048
SG_007679,0.30104605370644816
SG_007681,0.1327537635722055
SG_007685,0.16273064362531942
SG_007686,0.19772565577440332
SG_007687,0.168524866309731
SG_007688,0.17955472804543865
SG_007691,0.12258846784383803
SG_007696,0.15964498912880176
SG_007698,0.13068866299957382
SG_007700,0.20195852083005922
SG_007703,0.14611134709239962
SG_007704,0.15037539528285926
SG_007706,0.17799617297023082
SG_007711,0.18258335902439954
SG_007712,0.20503908429371998
SG_007714,0.1604732929450179
SG_007717,0.18495068618630953
SG_007719,0.1632711472835463
SG_007720,0.17037055541206653
SG_007721,0.1644240258747681
SG_007728,0.1486951183007693
SG_007737,0.23833989082466717
SG_007741,0.1578028806986111
SG_007742,0.14572742411207143
SG_007744,0.1403852013168185
SG_007746,0.21437703149402215
SG_007748,0.13672600104888308
SG_007750,0.1258096132810309
SG_007751,0.12150612508898768
SG_007752,0.13507647335229567
SG_007758,0.23394796935470885
SG_007760,0.1561804283659269
SG_007762,0.21794454705914262
SG_007770,0.15194697780901095
SG_007772,0.19718308478040708
SG_007776,0.13537919822150998
SG_007780,0.1923986813049882
SG_007781,0.1678229040259204
SG_007782,0.13609685014712644
SG_007787,0.18410657305551187
SG_007800,0.2035929891027083
SG_007801,0.16053138842317727
SG_007804,0.13279064544856928
SG_007805,0.2144849602411428
SG_007807,0.17279033134209093
SG_007808,0.2421645552021933
SG_007813,0.1934703443145285
SG_007815,0.10280151704128643
SG_007817,0.1712561997295182
SG_007818,0.16758300631841236
SG_007820,0.17151740651277958
SG_007822,0.1823987603351378
SG_007823,0.16104525753776444
SG_007824,0.14303466444822488
SG_007834,0.16129696600935797
SG_007836,0.11439073992088618
SG_007839,0.13527689609263172
SG_007842,0.10282622265466476
SG_007844,0.16077484459118666
SG_007846,0.14736129282043464
SG_007849,0.1479956769005384
SG_007858,0.1912903664918605
SG_007864,0.21024248629834022
SG_007866,0.14414185556988732
SG_007875,0.20192334872705994
SG_007876,0.18787352676865
SG_007880,0.19375630922007392
SG_007884,0.2047108914504215
SG_007889,0.23465535270695537
SG_007892,0.1634661138878452
SG_007897,0.14586925410875481
SG_007898,0.1553074949678301
SG_007899,0.14724809571121147
SG_007901,0.16926475397312818
SG_007908,0.23074452307898977
SG_007910,0.1516074677213678
SG_007922,0.13690344765253687
SG_007923,0.1574906618486556
SG_007926,0.2056652623045443
SG_007931,0.1602250071294238
SG_007933,0.16470800472764935
SG_007939,0.25029151109647574
SG_007940,0.15359909011696699
SG_007946,0.13012241459178603
SG_007947,0.15988999886969338
SG_007948,0.16399532415591397
SG_007954,0.12915467893908497
SG_007957,0.12248882852855107
SG_007960,0.1997635855404687
SG_007964,0.16595993534986725
SG_007965,0.1741660986057979
SG_007980,0.2223389463485746
SG_007985,0.14494459966771703
SG_007992,0.14890774195207046
SG_007996,0.17481466816695124
SG_007998,0.12776995135468058
SG_007999,0.1277211725489668
SG_008014,0.1315360894007798
SG_008015,0.15327321479018552
SG_008020,0.1796933316180403
SG_008026,0.1573048651644722
SG_008033,0.1736077065735654
SG_008043,0.15731057704353532
SG_008050,0.17042037356166098
SG_008055,0.16336792487116014
SG_008056,0.2371809453221682
SG_008058,0.20910757908049454
SG_008067,0.15504297109219314
SG_008074,0.20084282531979575
SG_008076,0.16467650249502547
SG_008081,0.1864958800447411
SG_008091,0.13045273860606868
SG_008099,0.13506957202310826
SG_008100,0.15120964628116546
SG_008101,0.1379673274777929
SG_008104,0.19261650487367338
SG_008115,0.21506554464663394
SG_008117,0.14920191094952268
SG_008118,0.20285886666241998
SG_008127,0.14611833376839323
SG_008131,0.17805846500378678
SG_008133,0.19065141557212328
SG_008137,0.1841149517119815
SG_008140,0.1932855241797583
SG_008141,0.21388289885842954
SG_008145,0.13129486130612153
SG_008152,0.10745613855948058
SG_008156,0.1860459084032855
SG_008160,0.14852916041801006
SG_008164,0.21917524218186227
SG_008167,0.19261637937867895
SG_008175,0.14417152615994205
SG_008176,0.2705512889362594
SG_008183,0.20966475230839973
SG_008188,0.17539092625895103
SG_008191,0.1388729566445313
SG_008192,0.1387611893161167
SG_008193,0.11478141195494312
SG_008195,0.17150057851209743
SG_008202,0.19291389810971332
SG_008213,0.20402276022803784
SG_008217,0.27649373750798556
SG_008224,0.15133861752769695
SG_008228,0.18869079392311958
SG_008229,0.1261857611150483
SG_008237,0.14908568217628815
SG_008242,0.1249417800024395
SG_008246,0.18852127389269047
SG_008248,0.15658969795629876
SG_008249,0.2481239157928839
SG_008253,0.18043633781569898
SG_008257,0.20505819793169094
SG_008261,0.21528807433542757
SG_008264,0.22109858804272908
SG_008265,0.18727807699728338
SG_008281,0.15514823488790966
SG_008283,0.1637726052911592
SG_008287,0.1448786301790541
SG_008291,0.27792034507148533
SG_008293,0.1437633189776564
SG_008294,0.13031294106261646
SG_008296,0.1883384257853175
SG_008298,0.1766569326431232
SG_008309,0.1783101192901651
SG_008310,0.1637850214964198
SG_008312,0.14627514142303574
SG_008316,0.21654562929072707
SG_008317,0.12002013994446221
SG_008318,0.15237784656018083
SG_008327,0.10803977596595081
SG_008330,0.16480134676950275
SG_008333,0.11076308681790352
SG_008336,0.17817088409048337
SG_008345,0.12902255626276068
SG_008347,0.12266463543653074
SG_008355,0.1971954532966858
SG_008358,0.15365175186448354
SG_008359,0.25038798702958664
SG_008360,0.18681088750124297
SG_008361,0.12911192494687668
SG_008362,0.22088135346704846
SG_008365,0.1645938802490357
SG_008366,0.19541867967156068
SG_008375,0.16086633116875398
SG_008376,0.2042333500215599
SG_008382,0.15471071162354616
SG_008383,0.2032451263953006
SG_008388,0.17452855745239446
SG_008389,0.23109191875304858
SG_008392,0.14008405450617484
SG_008396,0.1550884289864612
SG_008402,0.16098478575447334
SG_008410,0.1419080222725964
SG_008413,0.19936425226661886
SG_008417,0.19018932022855006
SG_008420,0.263314177048349
SG_008422,0.1580509835602459
SG_008435,0.18185040735322391
SG_008440,0.12595331563668866
SG_008441,0.17769172492821064
SG_008442,0.15874957498491382
SG_008443,0.1494357805403278
SG_008444,0.16423852954183735
SG_008449,0.17409832049213886
SG_008452,0.1852223925975977
SG_008457,0.18883870649920978
SG_008459,0.18689131584005308
SG_008462,0.16692568674332578
SG_008467,0.22415498600248346
SG_008468,0.17890715317740147
SG_008478,0.1323526436756646
SG_008482,0.19878585946937344
SG_008484,0.2128748333930403
SG_008485,0.15432389666101692
SG_008494,0.18539338551304296
SG_008497,0.1428248810887157
SG_008498,0.15177219230388245
SG_008500,0.2269722782069742
SG_008501,0.18279698988071125
SG_008504,0.1285744454813917
SG_008506,0.20732137849718152
SG_008512,0.23132962499488838
SG_008514,0.28750399533365534
SG_008517,0.1789768916385107
SG_008522,0.180641348859379
SG_008527,0.14380282954995788
SG_008529,0.1776403194582356
SG_008531,0.10911903075074347
SG_008534,0.30764187489780814
SG_008535,0.14556039964429313
SG_008536,0.13792173332558685
SG_008538,0.2115410396148939
SG_008541,0.13552364396772032
SG_008542,0.18547768363359335
SG_008545,0.23522661062313216
SG_008547,0.14972522077348366
SG_008549,0.22338960472280897
SG_008550,0.14385565580834103
SG_008551,0.16357597604253285
SG_008553,0.14240272138736004
SG_008555,0.1516290690827211
SG_008557,0.1567659301488518
SG_008561,0.1494108953723573
SG_008564,0.14227775288960115
SG_008565,0.20855492545405568
SG_008568,0.166939282469168
SG_008569,0.16732424941750687
SG_008570,0.16950037468366042
SG_008572,0.14366994456643942
SG_008574,0.16790508217251698
SG_008575,0.15490910405146538
SG_008576,0.10345760793142002
SG_008577,0.182869397950081
SG_008580,0.13538942288414813
SG_008586,0.16701000665287397
SG_008594,0.21465778554970194
SG_008598,0.1466001461884211
SG_008600,0.22138681939504454
SG_008614,0.1706434311970288
SG_008615,0.18994392726851694
SG_008617,0.1738859901979986
SG_008624,0.1928691508670393
SG_008630,0.1759901456456232
SG_008635,0.13972899707977546
SG_008636,0.16050162710869664
SG_008639,0.22486622490982597
SG_008645,0.17113686115975096
SG_008646,0.13623144991699795
SG_008650,0.1926326096000311
SG_008653,0.2719684655756983
SG_008669,0.20052974712600097
SG_008671,0.24130418323306713
SG_008689,0.19929438639131433
SG_008691,0.21641062074710457
SG_008693,0.2502759816207654
SG_008708,0.1411177795201956
SG_008714,0.185680103010033
SG_008726,0.15646221722596698
SG_008727,0.22402435850309468
SG_008729,0.15542859886046134
SG_008734,0.21437342421526367
SG_008735,0.15525382161618034
SG_008737,0.24984092940777325
SG_008739,0.11163855763413102
SG_008745,0.23597443778591956
SG_008749,0.15363799441660494
SG_008755,0.1713536233728749
SG_008759,0.15456670728449504
SG_008766,0.17628347005443068
SG_008769,0.16284530440117007
SG_008770,0.18410241673959893
SG_008771,0.13600065348577073
SG_008773,0.19375402878180714
SG_008774,0.2004603390775205
SG_008776,0.12229712807554258
SG_008777,0.2118453229679096
SG_008780,0.16358929037385206
SG_008782,0.15330982442674762
SG_008784,0.1963464283174044
SG_008785,0.145932072439125
SG_008787,0.14848140371434865
SG_008789,0.1780307713996279
SG_008793,0.18685493264359712
SG_008798,0.15007267185087936
SG_008810,0.1934533096904748
SG_008816,0.22721274417908177
SG_008823,0.23180393304446573
SG_008824,0.12074416930838797
SG_008825,0.17128852536287836
SG_008828,0.17419235990774512
SG_008836,0.13716977354193532
SG_008839,0.15963680433692123
SG_008840,0.11212245663775612
SG_008841,0.17392453719897497
SG_008843,0.18420908641989414
SG_008844,0.16684567031136005
SG_008845,0.18522450328053644
SG_008849,0.1607888374181064
SG_008850,0.16162271650256987
SG_008853,0.18468755138878257
SG_008855,0.17014845421845137
SG_008859,0.16909664404886185
SG_008862,0.17375762506052836
SG_008864,0.15242943948390145
SG_008865,0.15591758975751224
SG_008866,0.11718179419536395
SG_008867,0.3119597200538111
SG_008869,0.21742736306278035
SG_008876,0.16146317011518033
SG_008881,0.19071971160519638
SG_008883,0.1196793754175827
SG_008888,0.12526673964127338
SG_008889,0.21932185976294075
SG_008895,0.17741982832243255
SG_008897,0.1435160321252552
SG_008901,0.15895342690918218
SG_008905,0.12803395287277602
SG_008907,0.1282946287284031
SG_008908,0.1256401427377568
SG_008910,0.17754581867710453
SG_008913,0.19764273113310266
SG_008914,0.1283853773219451
SG_008917,0.13729713218135658
SG_008919,0.14684447064016443
SG_008920,0.20160696405781287
SG_008925,0.16161834661869415
SG_008926,0.16079551224530222
SG_008927,0.12673380517854882
SG_008930,0.20404868872816048
SG_008932,0.15204692962888042
SG_008934,0.19187580730507142
SG_008937,0.14492787693853967
SG_008940,0.12772391728745405
SG_008943,0.16069259430628977
SG_008947,0.11883197399156728
SG_008955,0.14526242082211646
SG_008960,0.20946030644547414
SG_008962,0.12812854958237924
SG_008964,0.12501380666351636
SG_008965,0.13147005477322096
SG_008966,0.13031849944286034
SG_008971,0.15341515641840076
SG_008972,0.12538637277131784
SG_008976,0.1706885900275528
SG_008978,0.13995791203237665
SG_008983,0.16223682837102155
SG_008989,0.31118892510056034
SG_008990,0.16933062339437052
SG_008994,0.20024883838751062
SG_008996,0.20755010436527757
SG_008998,0.12678302678076755
SG_008999,0.14132487280882802
SG_009001,0.1873317751483131
SG_009005,0.1872294219396584
SG_009006,0.14069209412331068
SG_009011,0.17739407274027844
SG_009017,0.16148761866754707
SG_009018,0.14084677284321945
SG_009032,0.13073606277736388
SG_009034,0.1367806622550768
SG_009043,0.19792337487994194
SG_009047,0.16031559648188234
SG_009048,0.14590945707951447
SG_009053,0.12776599455014095
SG_009055,0.1898366035479942
SG_009058,0.16299017668628968
SG_009063,0.24004561967245602
SG_009064,0.1880871256341451
SG_009065,0.1953863408253086
SG_009069,0.14846597792751307
SG_009070,0.15152578426349445
SG_009072,0.15024706105138214
SG_009075,0.1454961542569701
SG_009079,0.14599737419356798
SG_009080,0.17696629904045263
SG_009081,0.1522622043514876
SG_009083,0.14614903922117695
SG_009085,0.13995356778729173
SG_009091,0.22635045513471622
SG_009093,0.13811996758478107
SG_009100,0.1208747507917757
SG_009109,0.19201197522079008
SG_009115,0.2028098471601579
SG_009119,0.15480295147351836
SG_009120,0.18962911343638547
SG_009123,0.19531587363342384
SG_009124,0.1518936745511065
SG_009127,0.13878344622409655
SG_009128,0.14079632818774862
SG_009135,0.2141415309505425
SG_009136,0.2680575766776239
SG_009139,0.13856981769865062
SG_009146,0.2802705162985045
SG_009147,0.2154139024820145
SG_009149,0.10916266941630011
SG_009150,0.19505457691155847
SG_009152,0.18057815527480986
SG_009153,0.1566475116270207
SG_009159,0.21611200779964942
SG_009168,0.1805000424306636
SG_009169,0.19106206810125176
SG_009170,0.1292986925119239
SG_009172,0.11606756905919269
SG_009176,0.15345832110220362
SG_009179,0.2068072621458219
SG_009183,0.18907864783401124
SG_009193,0.21312535406855262
SG_009196,0.1709544050781156
SG_009199,0.14604448911883633
SG_009202,0.18165491237642695
SG_009203,0.14629672545504185
SG_009204,0.14862052414285407
SG_009206,0.12888121543251282
SG_009207,0.19170373021778658
SG_009209,0.14896920004806508
SG_009210,0.18206427320283436
SG_009214,0.1602766407074027
SG_009220,0.17597272597787053
SG_009223,0.15391556678460527
SG_009224,0.172254401606895
SG_009225,0.12410647138998243
SG_009226,0.29046839545823944
SG_009229,0.13879609799065923
SG_009230,0.2145674965657956
SG_009236,0.15809495555362754
SG_009242,0.1404088707841489
SG_009246,0.2356664551674043
SG_009250,0.1547793919623897
SG_009253,0.21455282372170237
SG_009266,0.2438486801599797
SG_009268,0.1961070420241754
SG_009272,0.20213109560655576
SG_009273,0.1401301359246972
SG_009274,0.17122198993884505
SG_009277,0.195168762116812
SG_009278,0.14801800320273367
SG_009279,0.13343525223938485
SG_009280,0.1754882716432751
SG_009281,0.18527905831182706
SG_009289,0.17994037439332874
SG_009290,0.2159307520189129
SG_009299,0.12647208814308591
SG_009300,0.16354979144855064
SG_009305,0.12157181313568219
SG_009307,0.1792427153094385
SG_009319,0.13336648468433007
SG_009328,0.12232025047565026
SG_009333,0.15388270603276463
SG_009335,0.15200635405050975
SG_009341,0.14729491854028864
SG_009347,0.1382418461936708
SG_009354,0.1862186611282996
SG_009355,0.25506972529708233
SG_009357,0.1624952724462175
SG_009362,0.20109458580335968
SG_009363,0.21655468825522983
SG_009365,0.15730175633512264
SG_009366,0.21065719424253196
SG_009367,0.17665991419974766
SG_009370,0.2156569827739073
SG_009386,0.176703367831739
SG_009392,0.1329836640495177
SG_009398,0.15721919647938848
SG_009400,0.14135899224487836
SG_009402,0.21873887831666683
SG_009403,0.19254004216752263
SG_009404,0.14541810571030514
SG_009406,0.1607748341796573
SG_009407,0.18452717455423456
SG_009408,0.1170444914724946
SG_009409,0.12265362353209301
SG_009410,0.2844231951167507
SG_009411,0.20441184025265752
SG_009412,0.16728018504947234
SG_009413,0.12215012852044219
SG_009415,0.1708208820351606
SG_009417,0.1864747438622668
SG_009419,0.12855394019619812
SG_009425,0.19976705589783045
SG_009426,0.15757534879540666
SG_009427,0.14679723037599174
SG_009429,0.11185336293206082
SG_009434,0.16436889220186868
SG_009438,0.14689576887698608
SG_009441,0.1747339439102018
SG_009442,0.15273046844256194
SG_009444,0.21341882087247988
SG_009445,0.2085760044890495
SG_009446,0.1508873422507059
SG_009447,0.15248850599596067
SG_009449,0.15590590853652775
SG_009455,0.13918993954054046
SG_009458,0.20617209965518943
SG_009461,0.23110887520475892
SG_009462,0.2035729691137529
SG_009466,0.1663277664228157
SG_009473,0.1369798895797217
SG_009478,0.15827149887223715
SG_009479,0.1778130112381403
SG_009481,0.1667950910416749
SG_009485,0.12554311462383733
SG_009490,0.2096781837083094
SG_009496,0.14059265553687506
SG_009500,0.13451401705505006
SG_009502,0.2642442352804267
SG_009504,0.19503437959149694
SG_009505,0.16186188287435088
SG_009516,0.13404475154422807
SG_009518,0.23579629930127693
SG_009519,0.21272266889924418
SG_009528,0.1734337084022734
SG_009529,0.15470854169826734
SG_009530,0.13760477202628418
SG_009533,0.2349630075496179
SG_009537,0.14424283649241387
SG_009539,0.14134417144382622
SG_009540,0.16358320966950923
SG_009541,0.18138068393119028
SG_009544,0.12714310436042428
SG_009556,0.15967462096259794
SG_009558,0.18789655981908202
SG_009566,0.16398150567145217
SG_009567,0.1424320433087285
SG_009569,0.13263241730829547
SG_009573,0.1543939306348105
SG_009577,0.11931096332438254
SG_009581,0.16850208913859369
SG_009582,0.15517845639783673
SG_009584,0.1363866387017882
SG_009585,0.19894209444288768
SG_009589,0.16247997697020916
SG_009592,0.16169050696814372
SG_009593,0.17640935279712522
SG_009602,0.141065030030473
SG_009614,0.16827710705342142
SG_009616,0.17946857153657067
SG_009618,0.23730060846583517
SG_009619,0.1507914746725866
SG_009620,0.1750289414042839
SG_009622,0.15023093625918413
SG_009630,0.1556610788118933
SG_009632,0.14387069537065192
SG_009639,0.13256075366632475
SG_009649,0.2004414688559305
SG_009651,0.22044417567090616
SG_009661,0.11016265500923904
SG_009670,0.13843277009798144
SG_009671,0.1732868584261785
SG_009679,0.20608890606862984
SG_009681,0.1110469247804284
SG_009683,0.1543846044138565
SG_009687,0.22330020539503503
SG_009690,0.1967152254895116
SG_009691,0.22964062268243055
SG_009694,0.17102665799016703
SG_009696,0.23253223167137443
SG_009701,0.1904607970234873
SG_009702,0.1358376721998122
SG_009707,0.13503381503252207
SG_009716,0.1402620097692289
SG_009718,0.17157461925507822
SG_009727,0.15171134890811563
SG_009736,0.12268641310517742
SG_009741,0.16148029711713066
SG_009744,0.15922412174469
SG_009746,0.1642548419083496
SG_009747,0.21126522467320896
SG_009751,0.15095353242501083
SG_009754,0.1580381832609927
SG_009757,0.13826039518783334
SG_009759,0.16475020992470193
SG_009760,0.21075526338848774
SG_009762,0.14266172593628793
SG_009763,0.1510421756018005
SG_009766,0.12617341717728542
SG_009776,0.17473031398617564
SG_009778,0.20674427108462523
SG_009780,0.2751365002992031
SG_009782,0.310435201918419
SG_009783,0.13748084859214088
SG_009785,0.19367461930023117
SG_009786,0.16744928758871863
SG_009791,0.17723784429895198
SG_009794,0.1452727637009288
SG_009795,0.1744302076377287
SG_009799,0.17607228166298147
SG_009800,0.23746838661283198
SG_009814,0.19406176486959725
SG_009819,0.142595873308862
SG_009824,0.15447780974225064
SG_009825,0.21692316647038645
SG_009829,0.1832475610913008
SG_009834,0.16444698147581865
SG_009837,0.20408224497645613
SG_009838,0.15133703618901367
SG_009843,0.1542656262886633
SG_009845,0.16763931914767316
SG_009851,0.18546743116521097
SG_009855,0.21521425030519703
SG_009856,0.17137887568793825
SG_009862,0.1619024463718591
SG_009865,0.13488010215120888
SG_009867,0.1766350438870141
SG_009868,0.17519254684927177
SG_009869,0.1278483312879605
SG_009870,0.1662201989769764
SG_009875,0.16222695960059463
SG_009876,0.18681692412291065
SG_009877,0.198133417361735
SG_009878,0.28921787901906726
SG_009880,0.20797649696973664
SG_009881,0.16085956555725747
SG_009895,0.23839145718164959
SG_009905,0.1846461088613093
SG_009909,0.18577253605597105
SG_009914,0.17145488889964933
SG_009916,0.19439886946302254
SG_009921,0.1358692974635659
SG_009923,0.20178483097445277
SG_009926,0.18229601912468663
SG_009929,0.19790397596254775
SG_009932,0.16991102104989436
SG_009933,0.17145803654339026
SG_009935,0.1343772076175341
SG_009936,0.12671637888834303
SG_009937,0.1465358821349312
SG_009941,0.15638619649976687
SG_009942,0.20439473512551792
SG_009953,0.24589585059413357
SG_009956,0.1525677118461881
SG_009959,0.14394716667059546
SG_009964,0.17114913514340388
SG_009972,0.20126067637831357
SG_009977,0.1553073623995097
SG_009979,0.21744957441239224
SG_009982,0.13148163457578202
SG_009985,0.23096895911249413
SG_009987,0.10683947965682063
SG_009989,0.17090720806513074
SG_009993,0.14084161255060207
SG_009997,0.18997542854497518
SG_009999,0.16370548898313475
SG_010002,0.22771128722843592
SG_010007,0.17923886951444237
SG_010008,0.15146400843905197
SG_010009,0.11882114689443737
SG_010010,0.17229710534608433
SG_010011,0.14641006469898235
SG_010012,0.13571326332587733
SG_010014,0.14008813270247514
SG_010015,0.17452905820433756
SG_010019,0.1336700337007105
SG_010020,0.15283296829436954
SG_010021,0.14233505628637602
SG_010024,0.1492490110093349
SG_010025,0.15625501182974186
SG_010034,0.17399894732210086
SG_010037,0.1306634001478298
SG_010038,0.17431323236055468
SG_010042,0.17190616902536288
SG_010045,0.18830992359233567
SG_010047,0.12172101808157736
SG_010048,0.16268815147935242
SG_010050,0.16545685684619857
SG_010052,0.16220411096082657
SG_010058,0.15466818064939622
SG_010061,0.1948633325596162
SG_010068,0.16152033633517493
SG_010069,0.16383989918973363
SG_010074,0.17857116854284946
SG_010078,0.10776573099474067
SG_010081,0.1357795058646261
SG_010084,0.17858539446351585
SG_010085,0.1345982367675797
SG_010086,0.2526390275580909
SG_010088,0.1723651693938119
SG_010091,0.12873296955714164
SG_010092,0.20874218166476088
SG_010099,0.15994230750095664
SG_010101,0.1592611272137965
SG_010103,0.14280757536304026
SG_010104,0.1764727333019594
SG_010106,0.21347305417431015
SG_010109,0.17413847403287386
SG_010115,0.11920660038017837
SG_010116,0.2206342229263381
SG_010117,0.20897650910824747
SG_010123,0.2249598004763828
SG_010130,0.14595708890912204
SG_010132,0.11290485241660356
SG_010134,0.20692211271007685
SG_010142,0.20931936682527089
SG_010144,0.14485258196607645
SG_010146,0.13125954343822122
SG_010151,0.1167203970109579
SG_010153,0.273261387030458
SG_010155,0.1544982043627834
SG_010157,0.19909067287775456
SG_010165,0.13688015219981073
SG_010166,0.1261107079225935
SG_010169,0.12705656819756994
SG_010170,0.1376456889902373
SG_010172,0.14071029387152356
SG_010173,0.1574824351876489
SG_010174,0.1503565405934199
SG_010175,0.16350994775820626
SG_010176,0.1759006636507936
SG_010182,0.12482037764119502
SG_010183,0.1702043836444357
SG_010184,0.18893303084778548
SG_010187,0.14683001928395456
SG_010195,0.13180406643758155
SG_010198,0.15499683748128884
SG_010199,0.14624874157641313
SG_010200,0.12104926312968423
SG_010204,0.15888370507595023
SG_010206,0.18505632424828714
SG_010208,0.17537598116696443
SG_010209,0.13801833481671172
SG_010210,0.177372234186
SG_010213,0.15518879228632065
SG_010217,0.16414836308305394
SG_010226,0.1770284505638549
SG_010227,0.1573631926439627
SG_010234,0.13693446443648666
SG_010235,0.1614983452603331
SG_010238,0.2265383902259104
SG_010241,0.14503478690496807
SG_010242,0.13973165219632938
SG_010243,0.13738143803971636
SG_010246,0.19645042607962712
SG_010252,0.19392342674256663
SG_010253,0.2719469259229622
SG_010256,0.18485644714095212
SG_010257,0.15222064028081703
SG_010258,0.13057025136603806
SG_010259,0.2385317228874384
SG_010261,0.19068751448140514
SG_010263,0.1298346040771135
SG_010265,0.14031754256477058
SG_010267,0.12096442614584355
SG_010271,0.12409797199523545
SG_010273,0.17838089535772983
SG_010274,0.15361332645276635
SG_010277,0.1973058837826986
SG_010284,0.12516443870425703
SG_010286,0.1433650688706653
SG_010287,0.2792252601832925
SG_010288,0.13068847124664892
SG_010293,0.1896084486601834
SG_010294,0.24318955424972943
SG_010298,0.1877603357003794
SG_010306,0.15252394144251555
SG_010313,0.15921774060143695
SG_010315,0.20596567815114464
SG_010316,0.17769902495594334
SG_010319,0.13642994472311878
SG_010320,0.24407632939099702
SG_010322,0.16431591630789474
SG_010323,0.2345015410782439
SG_010326,0.1534157785304618
SG_010328,0.1864520644840842
SG_010329,0.23015600228707753
SG_010330,0.1773627190074029
SG_010332,0.12303992907790748
SG_010336,0.20478774234026753
SG_010344,0.18057295519220873
SG_010347,0.2247267772077573
SG_010350,0.1609249681920244
SG_010352,0.3062999152642848
SG_010354,0.15943042479125938
SG_010358,0.1545407192587911
SG_010371,0.13772678534318145
SG_010373,0.20935992972435957
SG_010379,0.1253914851422239
SG_010386,0.16474182459395142
SG_010393,0.15839881454647384
SG_010394,0.18508518849322722
SG_010399,0.18771088913132664
SG_010401,0.12513798427441658
SG_010404,0.14504139172000183
SG_010406,0.14819785893538343
SG_010407,0.15124333053098227
SG_010409,0.29502444504632536
SG_010412,0.17952465703334852
SG_010418,0.14832886264043296
SG_010420,0.11829367510601384
SG_010424,0.2592924108639921
SG_010425,0.17331890525960755
SG_010428,0.2536718373098735
SG_010430,0.2636572240209754
SG_010431,0.20810000847696952
SG_010435,0.14463408948550668
SG_010442,0.24818598394980274
SG_010455,0.1495783054283906
SG_010459,0.12727759792861984
SG_010460,0.18356042408566894
SG_010461,0.1822777950636477
SG_010462,0.12828044641710606
SG_010465,0.10562393864297236
SG_010467,0.14377781119122418
SG_010469,0.164925935954732
SG_010470,0.16438538114595033
SG_010472,0.12301644638737086
SG_010475,0.18586696244505715
SG_010477,0.18610318265727527
SG_010481,0.23243528357931145
SG_010482,0.12640392915351847
SG_010483,0.1872943337120829
SG_010485,0.16010176487736966
SG_010486,0.14971175277418214
SG_010487,0.18371516274854227
SG_010490,0.19183070790482998
SG_010492,0.14823946946505875
SG_010493,0.1395045987159658
SG_010495,0.15948635885043327
SG_010498,0.1492503192491061
SG_010499,0.14738187188692695
SG_010501,0.21607742446976158
SG_010503,0.11757254995458286
SG_010505,0.1481353597192196
SG_010506,0.14731793257263487
SG_010507,0.1305636186675714
SG_010509,0.1466939318717442
SG_010510,0.15326967183942022
SG_010515,0.1905473137180904
SG_010517,0.17425554422987488
SG_010518,0.14728924490452483
SG_010531,0.23263316962355085
SG_010546,0.24285861519121632
SG_010547,0.16906880136268698
SG_010550,0.17581741697000808
SG_010552,0.123935399588658
SG_010553,0.17193856643131986
SG_010555,0.13280366819461537
SG_010561,0.1582240916145336
SG_010562,0.16599603570868615
SG_010563,0.16413513236246854
SG_010569,0.17643119449087338
SG_010571,0.14354915506539023
SG_010577,0.13648231381099135
SG_010578,0.14351665973864758
SG_010579,0.18032901378670468
SG_010582,0.14964852832313721
SG_010585,0.1568914295172626
SG_010586,0.21051164124827093
SG_010588,0.11990404443909652
SG_010589,0.1061429478267977
SG_010590,0.22606613242093404
SG_010592,0.23702142480588456
SG_010594,0.1402857666194233
SG_010598,0.19632794502828757
SG_010600,0.15094957302798523
SG_010607,0.14246307313012296
SG_010611,0.18611991674966055
SG_010615,0.26374571240125355
SG_010616,0.15741362894151537
SG_010619,0.1338360681668037
SG_010627,0.1250243077841931
SG_010634,0.11805044180199861
SG_010635,0.1609098195615392
SG_010636,0.15213972726698363
SG_010649,0.2228864484285445
SG_010651,0.150949909724864
SG_010653,0.13606959885355016
SG_010655,0.16360967855622957
SG_010659,0.17028654480558023
SG_010662,0.24572440060574008
SG_010664,0.1988339080119743
SG_010666,0.1332005820696996
SG_010668,0.14200983895917377
SG_010670,0.18627420218784532
SG_010673,0.20223069259813614
SG_010674,0.15880905609003687
SG_010679,0.2009673630192451
SG_010684,0.23980257765822868
SG_010685,0.14749637236015678
SG_010690,0.10764069915447509
SG_010696,0.1665199029499092
SG_010700,0.17022238428622125
SG_010707,0.1736265395240801
SG_010708,0.14476713653752188
SG_010713,0.17548990955786878
SG_010717,0.14966671998448502
SG_010718,0.16839044319732605
SG_010721,0.20763613635143624
SG_010722,0.13633710018982548
SG_010726,0.19689775613904162
SG_010729,0.14301852324982361
SG_010733,0.14878390223477322
SG_010734,0.17214237356533163
SG_010737,0.1498687273119848
SG_010739,0.14940172387556003
SG_010745,0.16991412024373553
SG_010752,0.13861226927987663
SG_010753,0.17528395198425886
SG_010757,0.1406232507271648
SG_010760,0.21197898549865027
SG_010763,0.192806396045177
SG_010769,0.1780234080358446
SG_010772,0.19592991235629553
SG_010773,0.17397346077245673
SG_010774,0.1523758682977226
SG_010781,0.1948099255811057
SG_010784,0.14125520355503385
SG_010789,0.1492129403669577
SG_010791,0.18693557668229066
SG_010795,0.21361267885773072
SG_010796,0.17660819894253454
SG_010798,0.19588737006249682
SG_010801,0.18728780688242933
SG_010803,0.21847136129253203
SG_010808,0.15311586499094362
SG_010809,0.15607693347360732
SG_010810,0.191751353777953
SG_010814,0.19519796686497853
SG_010816,0.1363260789155764
SG_010818,0.12787382264466668
SG_010824,0.21003994844317805
SG_010828,0.21801222581598972
SG_010830,0.21328099349447538
SG_010831,0.12081397629126499
SG_010837,0.2528526778493073
SG_010843,0.12924552875840212
SG_010844,0.22293634248766697
SG_010845,0.13744322680520882
SG_010846,0.16736019183019726
SG_010847,0.16769260114763546
SG_010853,0.15478959122675984
SG_010857,0.12391287326703473
SG_010860,0.16893933999894656
SG_010863,0.13270449874241036
SG_010865,0.1842975186750952
SG_010870,0.20233731052154294
SG_010871,0.1887566443339606
SG_010872,0.14749920045890058
SG_010876,0.25502888926972284
SG_010881,0.15695344730530789
SG_010882,0.15995908000485903
SG_010884,0.19312687749148089
SG_010887,0.12405210865569521
SG_010888,0.20150260439381817
SG_010889,0.18466415401552896
SG_010894,0.20950901646715753
SG_010896,0.17844127796125767
SG_010898,0.14019165105398507
SG_010902,0.1273607080936555
SG_010904,0.19967687329200998
SG_010907,0.2091631511224641
SG_010911,0.16258213413041314
SG_010922,0.16902781896776675
SG_010930,0.12760822404056524
SG_010946,0.2006906684106644
SG_010951,0.13337469791494233
SG_010956,0.22279819205505155
SG_010960,0.2690889611348011
SG_010961,0.15138884637106834
SG_010962,0.18578424144354355
SG_010969,0.15829551097533617
SG_010971,0.1371793583592459
SG_010973,0.22079796636276816
SG_010974,0.15205867861941474
SG_010977,0.123789318678606
SG_010982,0.15105224710620313
SG_010985,0.179397002591851
SG_010986,0.1611544639905908
SG_010987,0.17416408452518323
SG_010993,0.12160852778794963
SG_010995,0.13171491825086568
SG_010998,0.29366909676191083
SG_011003,0.15683585424549065
SG_011010,0.12010573878620404
SG_011012,0.14906687435212967
SG_011016,0.1771083782389591
SG_011017,0.1474742198783502
SG_011025,0.15351111480560659
SG_011031,0.20931521731962488
SG_011050,0.1090398741207566
SG_011052,0.14879117836992717
SG_011053,0.18274252005150243
SG_011055,0.1397900239162867
SG_011057,0.17030386827828192
SG_011060,0.12649780956225723
SG_011073,0.1622281742650786
SG_011075,0.16142574217081374
SG_011077,0.15045568079945926
SG_011088,0.14082276624452436
SG_011089,0.13351784958880714
SG_011097,0.1294369505055456
SG_011107,0.14861396393499585
SG_011110,0.16459602652158295
SG_011117,0.1343713925556338
SG_011120,0.19038388942679363
SG_011132,0.14261923797430792
SG_011133,0.14616965031124043
SG_011139,0.32286397974880543
SG_011143,0.21379165270828612
SG_011144,0.12109911590631066
SG_011147,0.1923843104154026
SG_011148,0.16418492188982237
SG_011151,0.14576865233964356
SG_011152,0.2623653217299629
SG_011154,0.1324324083689123
SG_011158,0.17978904581819707
SG_011159,0.22181647656304987
SG_011160,0.2076656852861843
SG_011161,0.228103129306433
SG_011162,0.15906744394782513
SG_011164,0.1374464187243118
SG_011169,0.14866870533339482
SG_011170,0.12286114428793511
SG_011175,0.15441900752693427
SG_011176,0.18802773517828913
SG_011177,0.14383963484776782
SG_011182,0.17729667228273321
SG_011184,0.19713365627796506
SG_011186,0.16757879374440293
SG_011190,0.12818110895511428
SG_011192,0.23314782995233554
SG_011199,0.13161928678806933
SG_011200,0.1689689408462173
SG_011201,0.11867811800119767
SG_011203,0.1480009512248859
SG_011208,0.31784559288517156
SG_011212,0.15851436915672218
SG_011214,0.14555014883881134
SG_011221,0.21262749888282162
SG_011222,0.19159427000445378
SG_011224,0.16410112961447365
SG_011226,0.19996348251803497
SG_011235,0.19614857215129494
SG_011239,0.1179304040807609
SG_011250,0.13563717940852932
SG_011257,0.20009984849106882
SG_011259,0.17072887626795447
SG_011261,0.13766909828847657
SG_011262,0.1855910502497125
SG_011266,0.16611128394044647
SG_011274,0.13528735798233218
SG_011275,0.13240266689518465
SG_011279,0.14703695956620144
SG_011280,0.1878511681152421
SG_011285,0.1183767278094405
SG_011291,0.16098214001199898
SG_011294,0.15503653772972087
SG_011298,0.16602476992858423
SG_011303,0.17260519449866435
SG_011304,0.15970000179739968
SG_011306,0.1537119383324536
SG_011307,0.14329312947168596
SG_011308,0.18077995213017717
SG_011309,0.18127076755774696
SG_011310,0.17198421102617806
SG_011312,0.2160440581473729
SG_011313,0.276222020090826
SG_011327,0.14711917280460862
SG_011333,0.14368753891750605
SG_011335,0.20944448230413495
SG_011337,0.18086761382085872
SG_011340,0.1065500597932835
SG_011343,0.13941821706698618
SG_011345,0.14830675508539293
SG_011347,0.16381625039005937
SG_011350,0.14896067984853598
SG_011357,0.16609361367299005
SG_011360,0.16665772631711276
SG_011361,0.2208799704639512
SG_011367,0.1324364798497184
SG_011371,0.1522052201550382
SG_011376,0.14100952916921883
SG_011377,0.19609957405624553
SG_011380,0.16632237933906524
SG_011381,0.14466465081133867
SG_011383,0.12554810104073505
SG_011398,0.15777016740026864
SG_011401,0.18072867893602318
SG_011413,0.1590654677367893
SG_011416,0.14169956372382073
SG_011420,0.17082465320639137
SG_011429,0.1563486339009038
SG_011432,0.11335643167523098
SG_011437,0.173884641032231
SG_011443,0.17500644600939352
SG_011447,0.21888985227719931
SG_011450,0.17509197447083796
SG_011457,0.20055727075164376
SG_011458,0.15875494912683927
SG_011460,0.18022948478592754
SG_011464,0.15611465601124566
SG_011468,0.1172557583018683
SG_011469,0.20724312604579942
SG_011473,0.22275395298229372
SG_011475,0.22691315752893937
SG_011479,0.16918386508881617
SG_011482,0.20643608815455142
SG_011483,0.24669973172905532
SG_011492,0.16953626231549218
SG_011493,0.1636943502371626
SG_011497,0.14079424994909417
SG_011503,0.1428560484489017
SG_011504,0.17494902742919366
SG_011505,0.15227372393334157
SG_011512,0.15638326537289204
SG_011519,0.146742346002837
SG_011526,0.18717110631407421
SG_011527,0.1495955537725418
SG_011528,0.14509155510476932
SG_011532,0.130357641105519
SG_011541,0.1440517220688498
SG_011544,0.1693705508284974
SG_011547,0.1845346800986568
SG_011548,0.2098318439308931
SG_011552,0.16912479287497512
SG_011566,0.14846544767420405
SG_011567,0.18868798826729802
SG_011569,0.15324914863564587
SG_011575,0.14620384309033566
SG_011576,0.24408591768455176
SG_011577,0.14866484039124464
SG_011581,0.15299456227637445
SG_011584,0.20822356432485722
SG_011586,0.2015562518874037
SG_011593,0.20896369396593867
SG_011597,0.1317193468717197
SG_011598,0.17710770586712388
SG_011602,0.14254017379126988
SG_011605,0.188726334880012
SG_011607,0.14191382372056774
SG_011612,0.22631795079471043
SG_011616,0.16908277172449415
SG_011617,0.16049753882047577
SG_011620,0.20491937108998912
SG_011622,0.15757445656203756
SG_011625,0.11991871723287706
SG_011626,0.20785739469019843
SG_011627,0.21975378426103276
SG_011632,0.21507081935521496
SG_011633,0.1853877935757789
SG_011635,0.27743395652664515
SG_011638,0.18523069456263644
SG_011640,0.19776448277818087
SG_011645,0.14361256615245424
SG_011649,0.1660605976907525
SG_011656,0.14436296148112113
SG_011662,0.13382347544984113
SG_011663,0.1486049792259515
SG_011666,0.13412600715834033
SG_011672,0.12260787176791696
SG_011673,0.17027508003816225
SG_011676,0.2136577117484664
SG_011678,0.1397458631036223
SG_011682,0.18890006507771073
SG_011683,0.13000117090888652
SG_011684,0.11856230920788477
SG_011691,0.19331928240993812
SG_011694,0.125357243657198
SG_011695,0.16423934589650346
SG_011697,0.24346155401224834
SG_011699,0.13100767128414129
SG_011701,0.18932734689298839
SG_011704,0.1731461137766015
SG_011705,0.21304714491493934
SG_011708,0.15123145116103265
SG_011714,0.21278284760510996
SG_011715,0.1998303675316394
SG_011720,0.13862855737217314
SG_011721,0.12380892190127095
SG_011727,0.14360296853603377
SG_011728,0.2080034284522417
SG_011729,0.16085240575146575
SG_011731,0.15227564360765966
SG_011736,0.1698702945205638
SG_011737,0.14951860618288815
SG_011747,0.14522416960147502
SG_011749,0.2574635243700684
SG_011750,0.170366994658817
SG_011752,0.1559040291243858
SG_011757,0.23394323296235958
SG_011764,0.19712605981634312
SG_011767,0.1364679453699937
SG_011769,0.24919559037824096
SG_011770,0.2073389416585352
SG_011772,0.2021062657708681
SG_011773,0.163002110687463
SG_011777,0.15380019680432885
SG_011779,0.14567558796598074
SG_011780,0.17557045277638675
SG_011786,0.18548187602946115
SG_011787,0.199360482142305
SG_011789,0.1371043801499881
SG_011796,0.10975411665323348
SG_011799,0.15650669284748706
SG_011801,0.11579281174375364
SG_011802,0.20624291839951436
SG_011806,0.12771406214226438
SG_011812,0.22802141210699467
SG_011814,0.21824105185403836
SG_011815,0.1581424431188991
SG_011816,0.19596923790384913
SG_011830,0.1799452619892784
SG_011833,0.12865154002043927
SG_011843,0.18012915560662773
SG_011853,0.2190522342512668
SG_011855,0.1673103950351859
SG_011858,0.1090325330688098
SG_011861,0.1378360479108402
SG_011863,0.20644508579797233
SG_011864,0.1975415272851742
SG_011868,0.21027391150089592
SG_011869,0.19246205735024435
SG_011871,0.21093941718773895
SG_011886,0.13872030711786904
SG_011889,0.16987696836897648
SG_011890,0.18528033078753536
SG_011894,0.17136799069789715
SG_011896,0.14039094898548776
SG_011898,0.11588134321163256
SG_011900,0.18271108068349623
SG_011918,0.21969103349238842
SG_011922,0.13025271834954158
SG_011925,0.16915803952316266
SG_011926,0.15277446230500052
SG_011927,0.2283050117110095
SG_011931,0.16673962532356998
SG_011933,0.12429118565995806
SG_011936,0.10630707195567216
SG_011939,0.12860069646719413
SG_011940,0.13272413569031022
SG_011953,0.17202658754566524
SG_011955,0.20441818198646505
SG_011956,0.19346702381385342
SG_011959,0.15673506494250966
SG_011961,0.1759679199102216
SG_011962,0.24271581578947612
SG_011966,0.22480382272935034
SG_011969,0.13048457788782736
SG_011971,0.13535064477301853
SG_011977,0.17898352000576329
SG_011978,0.15811489739083537
SG_011983,0.1566161301325077
SG_011986,0.12742259476498313
SG_011988,0.12063115561976197
SG_011993,0.15971790424434792
SG_011995,0.24260449709167048
SG_011996,0.13783735391690527
SG_011997,0.1486423173451921
SG_012000,0.17083285033803366
SG_012013,0.15172326563221372
SG_012018,0.16316287076313568
SG_012019,0.13513276895452356
SG_012020,0.1955385524242888
SG_012022,0.1329588330986079
SG_012031,0.16219774864005124
SG_012040,0.1819365428121657
SG_012041,0.1352453598372922
SG_012048,0.13764744219975214
SG_012050,0.14789453038648956
SG_012051,0.13048986350096342
SG_012052,0.2035979883099338
SG_012064,0.17478486002371066
SG_012066,0.11949776789871358
SG_012068,0.14562201347388215
SG_012076,0.21268835065731037
SG_012077,0.17101815308461973
SG_012078,0.13804568147131976
SG_012079,0.12289873103879437
SG_012080,0.17659064259909374
SG_012081,0.1545914026215788
SG_012082,0.12856906893926484
SG_012086,0.19327067399571024
SG_012089,0.16087818679128718
SG_012097,0.1274768647561055
SG_012104,0.14130590563300807
SG_012108,0.19140941557161645
SG_012113,0.16628182266675395
SG_012119,0.2098702245185704
SG_012124,0.19921595969731626
SG_012125,0.145088944245826
SG_012141,0.22087145051633747
SG_012143,0.1632266909669143
SG_012145,0.16247335004137672
SG_012148,0.17307196210923562
SG_012150,0.16542800390542664
SG_012162,0.15415659348593336
SG_012165,0.1682657801507268
SG_012166,0.14660471905902298
SG_012167,0.15461353190107746
SG_012168,0.12611856396157475
SG_012169,0.15772281538264388
SG_012170,0.12881784607489183
SG_012175,0.14678563966851976
SG_012176,0.1453170287085023
SG_012177,0.13918495778926657
SG_012181,0.21201942935074952
SG_012186,0.2681110044085674
SG_012190,0.18398374678458013
SG_012192,0.26989851254316916
SG_012194,0.14359861637873073
SG_012195,0.15216930914185692
SG_012198,0.18708414514664695
SG_012199,0.15564708431785282
SG_012205,0.27568551187622475
SG_012206,0.1805839035153225
SG_012211,0.13479507986020353
SG_012212,0.19298242809512223
SG_012213,0.14400916262730754
SG_012216,0.21167995447984655
SG_012217,0.20234271243944685
SG_012218,0.24083335643787557
SG_012220,0.14198424762118386
SG_012225,0.1781058198895013
SG_012230,0.13211097597003849
SG_012232,0.13436221313446328
SG_012234,0.1316534295426341
SG_012238,0.15230608354319286
SG_012241,0.15548819453951546
SG_012243,0.1288967025215741
SG_012247,0.14868583680148786
SG_012253,0.16875947514559508
SG_012258,0.1912425633691225
SG_012260,0.16410126192413102
SG_012263,0.147867362508268
SG_012264,0.17858059133139956
SG_012266,0.24385919389726277
SG_012270,0.14080842672907148
SG_012272,0.13694536459280296
SG_012276,0.19838813003293837
SG_012277,0.1408291350049023
SG_012278,0.15113476992395639
SG_012279,0.18162094942929563
SG_012280,0.19630342102438264
SG_012281,0.2407771050460337
SG_012283,0.1970255038252034
SG_012284,0.23298546191425518
SG_012285,0.16905958201548038
SG_012290,0.17222156300968913
SG_012293,0.15552291190676473
SG_012301,0.19574665107359074
SG_012305,0.18140347504231047
SG_012307,0.19222496925031834
SG_012308,0.1746515385608261
SG_012310,0.176960279052532
SG_012312,0.30708409891941496
SG_012313,0.13211518144052953
SG_012316,0.17864970018945195
SG_012321,0.1562156435194872
SG_012322,0.1805400577548768
SG_012326,0.1518012000348481
SG_012334,0.1375014938894199
SG_012336,0.15913185005339012
SG_012337,0.1718962903182891
SG_012339,0.18754595640217525
SG_012340,0.13527541472001328
SG_012345,0.12860483827871452
SG_012355,0.20783371665864858
SG_012362,0.18165128505103853
SG_012363,0.1578189265990169
SG_012368,0.2600292007452376
SG_012375,0.13371308937071968
SG_012378,0.12821421869640187
SG_012381,0.1304858315862579
SG_012384,0.14773043592058388
SG_012390,0.17296207915039782
SG_012393,0.16904648919181453
SG_012397,0.10958711849051911
SG_012400,0.1388764193828633
SG_012402,0.18404310025984985
SG_012410,0.1872784280577544
SG_012414,0.15249450875712592
SG_012419,0.17064049146483248
SG_012420,0.27673613617016035
SG_012422,0.2367050855687252
SG_012423,0.18590980248247688
SG_012424,0.129399885882651
SG_012427,0.1619235005946576
SG_012432,0.15776196596515965
SG_012436,0.19549912113883727
SG_012437,0.18612151819342826
SG_012438,0.21946237993902312
SG_012444,0.1366414710062661
SG_012446,0.10246650772529628
SG_012452,0.2347509061401538
SG_012453,0.13283491725503266
SG_012456,0.16426592603279805
SG_012459,0.13359945615138602
SG_012468,0.1121814091917554
SG_012470,0.1616346765005371
SG_012480,0.19054287782336624
SG_012484,0.15930191911204633
SG_012489,0.11914933489242728
SG_012493,0.1863775834015365
SG_012495,0.2235467697209492
SG_012499,0.2334213334244792
SG_012501,0.11247340055549811
SG_012502,0.13481520078533551
SG_012504,0.1975387011794753
SG_012506,0.10416817674699654
SG_012509,0.2051431902393934
SG_012510,0.2564685744198736
SG_012513,0.15235273047130202
SG_012519,0.17712809629842796
SG_012520,0.16590694125197583
SG_012521,0.10491721190012579
SG_012525,0.18566327402082322
SG_012527,0.16100100667275152
SG_012531,0.18762183385597192
SG_012533,0.2538337824357335
SG_012538,0.12420833982053064
SG_012539,0.30813555090685457
SG_012548,0.1458723392433016
SG_012550,0.15641464513482295
SG_012552,0.13688791077527102
SG_012556,0.16390155824182326
SG_012561,0.19636960839390744
SG_012562,0.12163470164696545
SG_012563,0.18113054739958503
SG_012564,0.2138903024997886
SG_012567,0.11286855296745979
SG_012568,0.28759129026643165
SG_012571,0.17113891738984874
SG_012575,0.1496230174590698
SG_012579,0.18035419805061795
SG_012588,0.14242255883530205
SG_012591,0.170828569162592
SG_012594,0.17576222216897802
SG_012596,0.12465511201591219
SG_012600,0.18517745559202714
SG_012601,0.14788939882166133
SG_012603,0.1409726812738297
SG_012606,0.12413060330993522
SG_012609,0.2665389940371376
SG_012610,0.12684624292022895
SG_012615,0.14766146892170293
SG_012616,0.1933039276527429
SG_012619,0.17001487912206134
SG_012623,0.20218515916937313
SG_012628,0.14734474157344418
SG_012630,0.22462577298929295
SG_012632,0.1801170702257267
SG_012636,0.18678459772875483
SG_012640,0.11936009346295814
SG_012643,0.19027037422162313
SG_012648,0.267806984262513
SG_012651,0.12342985319460459
SG_012654,0.18790538188816674
SG_012660,0.24919039994930045
SG_012661,0.20506581491630993
SG_012663,0.17897876466532853
SG_012669,0.1513506127677298
SG_012674,0.1517013191460809
SG_012680,0.17852770901883758
SG_012684,0.13901806818364085
SG_012688,0.15425648696883607
SG_012690,0.18286783939524665
SG_012697,0.16381240570062053
SG_012699,0.16583103992336376
SG_012701,0.11586074385250747
SG_012705,0.18122472453102936
SG_012709,0.18336372659445438
SG_012710,0.24038821916252237
SG_012715,0.16985462402246632
SG_012716,0.15393954985018593
SG_012718,0.17188997804572767
SG_012723,0.15658718362526097
SG_012724,0.1693808924773372
SG_012730,0.14532982104316766
SG_012734,0.19973794237693848
SG_012736,0.14060179503529002
SG_012738,0.1373984950069995
SG_012747,0.2194698840044548
SG_012749,0.23297033688594854
SG_012750,0.14728626059271144
SG_012753,0.1588184562562062
SG_012754,0.19553131191314654
SG_012757,0.14815343719288976
SG_012763,0.14545903523423148
SG_012764,0.14799783296026053
SG_012767,0.21403648521142568
SG_012768,0.16865488895602662
SG_012773,0.15792188558011894
SG_012775,0.11966599577284562
SG_012777,0.18029236727787182
SG_012786,0.18767467875986005
SG_012787,0.2253340826684006
SG_012792,0.1697144663517996
SG_012797,0.19161629232840077
SG_012805,0.12892896033703152
SG_012808,0.1681324349442265
SG_012810,0.15331408154390483
SG_012819,0.22067696536348716
SG_012821,0.22693099077414572
SG_012822,0.18656864888029503
SG_012831,0.14267624372138274
SG_012844,0.22886581517633617
SG_012845,0.12123170265028271
SG_012848,0.12981484440799862
SG_012849,0.18690617036133442
SG_012851,0.2075068231003191
SG_012859,0.11255134025074284
SG_012861,0.16261881723910876
SG_012869,0.2676493016577527
SG_012870,0.1705300988153003
SG_012873,0.23640301886127837
SG_012874,0.21968818285026948
SG_012883,0.12588681532967722
SG_012886,0.1923623455672057
SG_012887,0.1256851215783463
SG_012888,0.17522754314340905
SG_012891,0.12699093316851823
SG_012898,0.15161756188686631
SG_012905,0.19907069418740284
SG_012910,0.1760441268552562
SG_012913,0.15705396102679492
SG_012918,0.27820329741467764
SG_012919,0.17547887655849842
SG_012920,0.16916737289423342
SG_012923,0.1367810090991276
SG_012924,0.13529210999654145
SG_012926,0.24840820145625403
SG_012936,0.20064577309720594
SG_012938,0.18879375464900178
SG_012940,0.14009686042039124
SG_012945,0.14340723039632788
SG_012949,0.17254781840100164
SG_012958,0.23413140958344444
SG_012962,0.19601166617446425
SG_012967,0.13529195034299335
SG_012968,0.12561075524852922
SG_012970,0.15727124992317643
SG_012972,0.1485638929038325
SG_012978,0.14901268543581644
SG_012979,0.16767245257589936
SG_012980,0.22486325692348721
SG_012981,0.2521765255304903
SG_012983,0.15284820731619073
SG_012984,0.20727183993759823
SG_012989,0.15700020776378257
SG_012994,0.15747091052603482
SG_012997,0.16226716036632766
SG_013002,0.2093246236315147
SG_013009,0.14350209227257146
SG_013017,0.12927960130821883
SG_013023,0.2304569791648958
SG_013028,0.1395676749061875
SG_013030,0.16947634734424766
SG_013033,0.21341784268780178
SG_013042,0.15615447863241005
SG_013043,0.17622343190303352
SG_013045,0.2112669605561998
SG_013063,0.17612279760403998
SG_013064,0.1679815163121276
SG_013065,0.1251960130371665
SG_013068,0.29018482051391137
SG_013070,0.15099504663917798
SG_013071,0.1622588954191823
SG_013072,0.18484640637206362
SG_013077,0.178931202989814
SG_013080,0.25640893597722064
SG_013082,0.1804137845828836
SG_013083,0.13996858852661945
SG_013085,0.186276359995996
SG_013086,0.16074667335859325
SG_013093,0.16610644178275802
SG_013094,0.15819869018241245
SG_013096,0.20994192445669962
SG_013104,0.26239791937316137
SG_013108,0.1467664106466491
SG_013111,0.14112086245387098
SG_013112,0.1696770006465977
SG_013115,0.16496532796960242
SG_013117,0.20272730271134712
SG_013125,0.12485160826422945
SG_013127,0.1436475528129265
SG_013135,0.17060373633183534
SG_013138,0.22533499697080103
SG_013139,0.11591952989569318
SG_013141,0.22397118822570128
SG_013149,0.21931641312568767
SG_013150,0.2809312604580304
SG_013157,0.18600418753664405
SG_013159,0.204770450452127
SG_013166,0.15849525698871855
SG_013172,0.18533861254542555
SG_013177,0.16722006404112177
SG_013178,0.1323373909454192
SG_013187,0.1349363844891659
SG_013196,0.13132039837656242
SG_013201,0.26644257026865054
SG_013202,0.14599065842861247
SG_013212,0.13022999355692025
SG_013219,0.16573069339363833
SG_013222,0.12193243486535063
SG_013223,0.21523435563650833
SG_013224,0.2682382562835325
SG_013233,0.14926623534970124
SG_013237,0.11973649918363957
SG_013245,0.16320249647311905
SG_013249,0.12936286695691812
SG_013250,0.14980343573736965
SG_013260,0.1371562273754456
SG_013264,0.15681316511874543
SG_013266,0.15788376810438204
SG_013267,0.24232978010412903
SG_013269,0.15354088973213217
SG_013273,0.2294060227480103
SG_013276,0.1287661193428229
SG_013280,0.17875593098152126
SG_013281,0.17459560002251154
SG_013282,0.1444045860510794
SG_013288,0.17309756579043153
SG_013292,0.13054368718788598
SG_013294,0.1893601837480638
SG_013297,0.12500984311805133
SG_013304,0.14459497192844242
SG_013311,0.17501467093663925
SG_013313,0.20190363867471928
SG_013314,0.15308423307023078
SG_013315,0.1573927942137782
SG_013317,0.23341252514537195
SG_013321,0.16807640997365375
SG_013323,0.13747590585058156
SG_013327,0.1437719843899263
SG_013328,0.13145566308512607
SG_013332,0.1446256192788106
SG_013337,0.17413610806317165
SG_013338,0.18633706944023776
SG_013339,0.12502616256583896
SG_013340,0.19321809671645512
SG_013342,0.12211824401729386
SG_013344,0.11813961442321257
SG_013345,0.17162571368276236
SG_013347,0.16754681709197092
SG_013348,0.1346778470894839
SG_013356,0.1822182943545449
SG_013358,0.17666871041122162
SG_013359,0.1683835788885144
SG_013360,0.13110726865769406
SG_013361,0.13028208721812992
SG_013362,0.15716375115180597
SG_013366,0.1746121189019505
SG_013371,0.17908528796945056
SG_013372,0.18365692450687562
SG_013374,0.20603308784311092
SG_013380,0.13053021727083264
SG_013383,0.21066680425868778
SG_013384,0.143077059800699
SG_013391,0.23182109432770476
SG_013392,0.18110652312071968
SG_013393,0.17298266550242125
SG_013396,0.25670516444405383
SG_013400,0.20638390996327838
SG_013404,0.14810841764262436
SG_013412,0.16900582089266836
SG_013413,0.18706700403308862
SG_013414,0.13569188151966313
SG_013418,0.21202948812711825
SG_013420,0.14348347638055606
SG_013421,0.1890314040835576
SG_013424,0.20508275243383975
SG_013427,0.15704248030205376
SG_013430,0.16335567005420598
SG_013435,0.22130528746612435
SG_013438,0.193217981889499
SG_013440,0.17623730645806837
SG_013443,0.30506604451757563
SG_013444,0.17395901068484232
SG_013446,0.11041209900383585
SG_013447,0.15065866161523286
SG_013452,0.16206733689047018
SG_013454,0.19379985633162866
SG_013456,0.15077600826896026
SG_013462,0.15450086428518728
SG_013463,0.22810040824264521
SG_013464,0.12951216861607565
SG_013468,0.11573782765355314
SG_013472,0.15001126221426903
SG_013474,0.17755546717717552
SG_013477,0.12775541129861825
SG_013480,0.1316851624136922
SG_013485,0.1548312305184306
SG_013486,0.17313318968005187
SG_013487,0.20417501477734193
SG_013491,0.20526739083576234
SG_013495,0.17771914111003959
SG_013499,0.1355570725038679
SG_013504,0.2588171319200184
SG_013508,0.18992559115832763
SG_013509,0.11224603448611307
SG_013515,0.18227641706533554
SG_013523,0.11329724833122197
SG_013528,0.16364900911193636
SG_013538,0.18212485161365766
SG_013542,0.1517067001652323
SG_013543,0.14500857368468323
SG_013544,0.2229332566063088
SG_013545,0.21573881439819084
SG_013546,0.16309198588917767
SG_013548,0.32676779154191915
SG_013549,0.21358999528887207
SG_013552,0.2757333930838388
SG_013553,0.1554801901545674
SG_013554,0.17273118937790108
SG_013557,0.16971337521481614
SG_013558,0.13626600416439177
SG_013561,0.2411523659617988
SG_013563,0.1491389265059378
SG_013565,0.12726339043567053
SG_013567,0.12229912876278815
SG_013568,0.14524258723384273
SG_013571,0.14609814727797218
SG_013574,0.17988211546330973
SG_013575,0.14283919981475982
SG_013578,0.2093363892432032
SG_013579,0.2215750273131075
SG_013580,0.1863229147271091
SG_013586,0.11917542956396068
SG_013588,0.16165199267826696
SG_013591,0.18483590641288278
SG_013598,0.29093048588405174
SG_013601,0.14594902366829143
SG_013602,0.24584424011801226
SG_013604,0.1479112898144989
SG_013608,0.22826897309970787
SG_013610,0.13995691203148017
SG_013612,0.15472650245585312
SG_013613,0.14680086300212544
SG_013616,0.13893794107326982
SG_013619,0.17382411216532856
SG_013624,0.23633572423589805
SG_013626,0.16413415538308374
SG_013628,0.2526950998783699
SG_013629,0.13447483514083844
SG_013633,0.13550655418734567
SG_013635,0.13929398703820237
SG_013637,0.1607895698488533
SG_013638,0.17518020401164597
SG_013639,0.1474162638149759
SG_013641,0.17360380934679878
SG_013646,0.18442235478379065
SG_013653,0.16462145377994156
SG_013667,0.18934214987697545
SG_013668,0.20344773418045242
SG_013670,0.1420762591687036
SG_013675,0.1553035719287729
SG_013677,0.1742033427035985
SG_013678,0.21505848288636964
SG_013681,0.14294792964130035
SG_013682,0.19149349950484126
SG_013683,0.22193372192724806
SG_013684,0.18458681700791518
SG_013685,0.13485300298300287
SG_013686,0.1976666018833687
SG_013690,0.1526906923377297
SG_013695,0.12632783096261296
SG_013705,0.18490319824974946
SG_013706,0.13009981048088953
SG_013708,0.12528354027005398
SG_013711,0.1454571979037921
SG_013713,0.18291461706631626
SG_013715,0.14562047685150925
SG_013716,0.2170149174598776
SG_013726,0.2016745229490932
SG_013727,0.11905577843919159
SG_013728,0.17714197776473395
SG_013731,0.13281758647565506
SG_013733,0.11609544839845257
SG_013737,0.1601662035954901
SG_013740,0.18148046377733457
SG_013741,0.1421743705623974
SG_013744,0.14371545432993948
SG_013745,0.2129331887542673
SG_013746,0.11587077679990108
SG_013747,0.15852265545630245
SG_013749,0.17528125843957976
SG_013755,0.1556172939224589
SG_013759,0.16207409231711858
SG_013765,0.1757518816476561
SG_013766,0.22374267936935238
SG_013769,0.13983139173257253
SG_013773,0.17810168165897955
SG_013785,0.1399809973882891
SG_013793,0.13040934490054823
SG_013800,0.15017947157064396
SG_013808,0.15525378702665346
SG_013815,0.26889615804663036
SG_013827,0.16362748358596424
SG_013840,0.16252408929885548
SG_013841,0.10611910221650164
SG_013842,0.14364869927539808
SG_013844,0.22022108461173337
SG_013845,0.19155833621481508
SG_013849,0.14567817041482306
SG_013850,0.1574188902111543
SG_013851,0.13852065773269162
SG_013853,0.18521715041040443
SG_013854,0.13372010871709322
SG_013855,0.1719674556383909
SG_013857,0.14500085115724776
SG_013860,0.2573499998376268
SG_013862,0.16268226712897835
SG_013867,0.21652690438233646
SG_013868,0.14450703725432523
SG_013870,0.13918544215001424
SG_013883,0.14805519214256257
SG_013884,0.14113207650423704
SG_013885,0.19202575522106796
SG_013892,0.2708924928586094
SG_013896,0.12585644906906718
SG_013898,0.1698326400405576
SG_013901,0.21472537604889025
SG_013905,0.19836718384107496
SG_013906,0.20490240705995535
SG_013907,0.13024663825929292
SG_013910,0.1609770307495099
SG_013912,0.15721696221878917
SG_013914,0.14795597994341322
SG_013919,0.1942284780770549
SG_013922,0.2127761115812578
SG_013943,0.13598025305212239
SG_013944,0.1310794041729916
SG_013946,0.1768382792295023
SG_013948,0.1296337317232067
SG_013949,0.13374315467957162
SG_013953,0.17562453698465608
SG_013962,0.22104770510374158
SG_013965,0.23366595389995895
SG_013969,0.20072029344235895
SG_013974,0.13596087723302758
SG_013978,0.1417661532782834
SG_013979,0.1382727534010434
SG_013980,0.19678206002178103
SG_013986,0.19193909572779544
SG_013997,0.1308266624147786
SG_014000,0.2000865806699223
SG_014004,0.11051714674659388
SG_014009,0.19203200071512128
SG_014010,0.18583360496509163
SG_014012,0.13285424439625518
SG_014014,0.21087593604411553
SG_014015,0.15991426398272512
SG_014016,0.1691761712575417
SG_014017,0.20675421581463255
SG_014018,0.1001158195213405
SG_014020,0.17041631140266617
SG_014021,0.13858187209393835
SG_014022,0.14511126914503314
SG_014023,0.1701384502561199
SG_014026,0.2089024819067894
SG_014030,0.16436020167717602
SG_014031,0.19020666863706898
SG_014036,0.1570249599039392
SG_014037,0.14773476984564138
SG_014039,0.15078640753224223
SG_014045,0.1512444598583427
SG_014046,0.1891221778830293
SG_014047,0.18873725650961706
SG_014050,0.11089378281451184
SG_014053,0.16929791417168844
SG_014058,0.25666776059832996
SG_014059,0.19703462151985637
SG_014062,0.14546067326623324
SG_014067,0.2203723141921647
SG_014072,0.12898246843443373
SG_014073,0.18733456096745643
SG_014075,0.15875607616065954
SG_014081,0.18216917094635202
SG_014085,0.14134822651663964
SG_014088,0.16750089129809087
SG_014096,0.179743585638624
SG_014099,0.18458139230620935
SG_014102,0.1919234215582974
SG_014105,0.1884687948860806
SG_014111,0.23527131618742197
SG_014113,0.18358884351129792
SG_014116,0.1377616268130432
SG_014122,0.19016149711706365
SG_014123,0.18209949615798693
SG_014124,0.22284203077883097
SG_014130,0.24749973582490076
SG_014132,0.182699258294988
SG_014135,0.2348152594654683
SG_014136,0.16285373473057596
SG_014139,0.15693665624205666
SG_014140,0.17183027539485968
SG_014141,0.1819168682808394
SG_014146,0.18138184061874713
SG_014155,0.1752034769762708
SG_014157,0.139211213451515
SG_014161,0.17047614431397073
SG_014162,0.15979837914337558
SG_014165,0.17014697942668347
SG_014167,0.20487579485603105
SG_014168,0.1631718877600567
SG_014172,0.13453611430016527
SG_014176,0.16402134711339372
SG_014177,0.23353451879412734
SG_014184,0.2369414335819688
SG_014186,0.21617088500522447
SG_014188,0.1523910804510191
SG_014190,0.13944405085026362
SG_014191,0.14885295407432902
SG_014192,0.12633371202762533
SG_014194,0.18006240958849304
SG_014196,0.1830106759665834
SG_014197,0.2684357716943532
SG_014205,0.13346950728425666
SG_014210,0.1519340803085584
SG_014217,0.17365337245119022
SG_014219,0.20209124185740782
SG_014223,0.18319088574058356
SG_014235,0.13674141855689456
SG_014237,0.21851618825609903
SG_014243,0.14819150135164524
SG_014248,0.20446123996161414
SG_014249,0.1744213020954167
SG_014259,0.17316287229215932
SG_014269,0.18286102886110833
SG_014270,0.20442300854178397
SG_014272,0.10713975904137432
SG_014277,0.1421994373665717
SG_014288,0.1362847445120135
SG_014290,0.1592865122897059
SG_014292,0.1635871587055585
SG_014293,0.16365181006836266
SG_014295,0.20199106793706392
SG_014299,0.13981601263000215
SG_014308,0.19312209068619646
SG_014309,0.12704420982870346
SG_014311,0.28338356725131764
SG_014314,0.2082478010554236
SG_014319,0.10814291720539215
SG_014320,0.1348165393761878
SG_014321,0.2829097105524452
SG_014328,0.19795946534531383
SG_014334,0.13933955828479805
SG_014335,0.15756033249356685
SG_014339,0.19205256340684584
SG_014342,0.1313641779845371
SG_014343,0.2760467332391122
SG_014345,0.14517470329565368
SG_014363,0.15755872856926187
SG_014368,0.1484433120421129
SG_014370,0.10447716250211028
SG_014373,0.16824943444303586
SG_014375,0.16286772042889897
SG_014380,0.23295656825796696
SG_014383,0.22566731117338884
SG_014385,0.21734612686753899
SG_014386,0.18344800890797414
SG_014387,0.15961643010556514
SG_014389,0.16629155088766973
SG_014391,0.1676208320140871
SG_014394,0.26296885728559966
SG_014398,0.12729040018138746
SG_014402,0.14303600157362842
SG_014409,0.15681964179335467
SG_014411,0.19835682935677534
SG_014415,0.17903842593421315
SG_014416,0.15342671757409493
SG_014418,0.13361974873850443
SG_014425,0.1754186802636625
SG_014426,0.19032190211732952
SG_014431,0.17484492152484582
SG_014432,0.281170354203079
SG_014446,0.17307594032376483
SG_014447,0.15155099454669063
SG_014457,0.16567609043257409
SG_014465,0.19304786237314248
SG_014466,0.14309594686283741
SG_014469,0.14621947860028212
SG_014474,0.11701321381419497
SG_014484,0.1467094217117151
SG_014486,0.12237521240770696
SG_014488,0.1451426065168097
SG_014491,0.17406318093968037
SG_014495,0.2067731392883474
SG_014512,0.22833536910200325
SG_014514,0.15371073685889353
SG_014516,0.17369427783596753
SG_014519,0.13968061860330241
SG_014522,0.1423986327465041
SG_014529,0.19842153347038327
SG_014538,0.19200361789802878
SG_014544,0.18737805429403315
SG_014551,0.17342327710951594
SG_014552,0.21286922649941548
SG_014556,0.13559541653541393
SG_014562,0.18870166429779728
SG_014565,0.1048825270368258
SG_014566,0.22944243723714325
SG_014568,0.12946610991747928
SG_014569,0.11214847888498222
SG_014570,0.15556876800152566
SG_014578,0.15237130288023407
SG_014579,0.1790970021420546
SG_014581,0.17397595934274762
SG_014582,0.15716441758842753
SG_014583,0.16864038331161807
SG_014587,0.20374408552065426
SG_014594,0.146331773077414
SG_014596,0.1869174886822485
SG_014597,0.1572355697577344
SG_014607,0.2012632439142051
SG_014611,0.13262558840719324
SG_014616,0.1623859831529878
SG_014617,0.15699415688177593
SG_014618,0.1681219666383571
SG_014619,0.13724912544505993
SG_014621,0.1737600886157833
SG_014626,0.21001867258084073
SG_014634,0.13033056693002149
SG_014635,0.1571986122597725
SG_014636,0.17205454087208652
SG_014637,0.14558385100944238
SG_014640,0.16089895666950202
SG_014641,0.1659615343680259
SG_014645,0.14509298681767946
SG_014647,0.1412053495280028
SG_014653,0.15389003200231532
SG_014655,0.1422730382133035
SG_014656,0.20039145410079928
SG_014657,0.24918557729929738
SG_014660,0.18598759101308865
SG_014667,0.12423716663552319
SG_014672,0.2020589108239492
SG_014677,0.1526882281873691
SG_014680,0.20319364373180976
SG_014681,0.18842603816235673
SG_014687,0.1744996338912938
SG_014690,0.2007728034678023
SG_014691,0.17270226481746187
SG_014700,0.20703366407728468
SG_014701,0.2706193869706038
SG_014702,0.15676785638363308
SG_014703,0.14147225938350774
SG_014712,0.22298311779839883
SG_014713,0.14818531625713377
SG_014718,0.16921535127142087
SG_014720,0.18463287715128762
SG_014723,0.18007608233601607
SG_014729,0.2254657825608944
SG_014731,0.18912595451466413
SG_014733,0.1625676189504388
SG_014735,0.23691675242716875
SG_014742,0.12219857675951992
SG_014746,0.13275765567754128
SG_014748,0.13146242779804457
SG_014749,0.14807181906112793
SG_014753,0.15595364730291822
SG_014754,0.16192871818351898
SG_014757,0.1494739614454696
SG_014771,0.1482309791073542
SG_014774,0.1748676133330638
SG_014777,0.15699410177567621
SG_014778,0.24891376488565334
SG_014780,0.16501668324184643
SG_014787,0.1950564652931565
SG_014800,0.17810222891146282
SG_014801,0.23061537767790624
SG_014802,0.19008486570631034
SG_014803,0.1723939342075401
SG_014808,0.15077744865239598
SG_014812,0.1204263813575736
SG_014813,0.13270144670690437
SG_014815,0.21578495498268666
SG_014824,0.10538032363388584
SG_014825,0.23727850447669932
SG_014827,0.18111215664647867
SG_014830,0.10803616037685385
SG_014834,0.13602969225266967
SG_014839,0.24849335776099574
SG_014844,0.17916597591821243
SG_014865,0.1706038532545314
SG_014866,0.14040728598990512
SG_014867,0.17895067368022505
SG_014871,0.20900400843885952
SG_014874,0.16701851885492916
SG_014875,0.14927033573934675
SG_014879,0.15248531491755316
SG_014880,0.11769390091543858
SG_014882,0.1795316207742029
SG_014885,0.18929867757297147
SG_014887,0.22162298820373633
SG_014894,0.1449473471018932
SG_014895,0.16566251301733406
SG_014898,0.1698052799131608
SG_014900,0.20665358090030822
SG_014906,0.19914358340674573
SG_014909,0.1511352877487667
SG_014914,0.16409446446812515
SG_014919,0.12392138141813655
SG_014921,0.16816103199791557
SG_014939,0.24002507737037937
SG_014940,0.18419781463322651
SG_014945,0.14153125781145218
SG_014946,0.14816772171519382
SG_014951,0.2243859145660932
SG_014953,0.32129477490215347
SG_014955,0.16702476650574702
SG_014959,0.15338649682592273
SG_014961,0.1938010722196435
SG_014964,0.18271986894732048
SG_014965,0.13431833071560267
SG_014966,0.1757648168064761
SG_014969,0.21689753210223806
SG_014972,0.1627676723571438
SG_014976,0.2130434167081815
SG_014979,0.11258045294000193
SG_014980,0.163584778063292
SG_014984,0.19046172938424347
SG_014990,0.13347968546571923
SG_014998,0.1538141259322106
SG_014999,0.13824550822066906
SG_015001,0.18815041629518936
SG_015002,0.22222815489149655
SG_015014,0.16646586225252777
SG_015015,0.13034184960665746
SG_015021,0.1721347449890405
SG_015026,0.2023590588483415
SG_015031,0.2040973227541431
SG_015036,0.1705670919044497
SG_015039,0.1230045914867344
SG_015042,0.14110881894305008
SG_015044,0.15762717549689104
SG_015046,0.1857249500636643
SG_015047,0.2162450048543087
SG_015050,0.14363677807938566
SG_015054,0.18173911172185037
SG_015066,0.17390184460795152
SG_015068,0.2608246134793014
SG_015071,0.16373102758898045
SG_015075,0.1339667817668347
SG_015076,0.13124135749939606
SG_015081,0.19344902498390204
SG_015082,0.1692288039157056
SG_015085,0.13319501021933244
SG_015093,0.21239904539588594
SG_015095,0.1701355262669884
SG_015099,0.1217790997108399
SG_015102,0.13973617568368235
SG_015103,0.19882106479913922
SG_015111,0.15319597295113493
SG_015112,0.14613135772765598
SG_015118,0.14686834336936688
SG_015125,0.15457051933862334
SG_015126,0.15808471713782105
SG_015127,0.15660736152457272
SG_015129,0.14841350897465155
SG_015134,0.14666741293576147
SG_015135,0.14900209579444418
SG_015137,0.16239567720492934
SG_015138,0.21158828646280883
SG_015144,0.2244400032124191
SG_015146,0.1710932350584337
SG_015152,0.18074896323482634
SG_015155,0.16146190243467015
SG_015158,0.20610138704742828
SG_015159,0.15710868545957052
SG_015161,0.1818754160823132
SG_015165,0.21506465034002464
SG_015167,0.17558219239077894
SG_015169,0.16987015839317737
SG_015176,0.1976744095429101
SG_015180,0.15669137075017756
SG_015183,0.15281827201440512
SG_015189,0.15374736483080423
SG_015190,0.1365929453685542
SG_015192,0.1473748668611824
SG_015195,0.13660761457366902
SG_015197,0.16260187893814837
SG_015201,0.18954484357771106
SG_015202,0.15692576159546429
SG_015214,0.13809220688337268
SG_015215,0.1685034264372639
SG_015217,0.14423742986643548
SG_015222,0.1563540107030994
SG_015224,0.1618545845653185
SG_015235,0.14332610346085495
SG_015239,0.14162477365550924
SG_015246,0.14053290489073356
SG_015251,0.19928885911109884
SG_015252,0.20022153109230204
SG_015256,0.18226144716729165
SG_015257,0.17305192586260137
SG_015261,0.151828568764357
SG_015262,0.1772294034216299
SG_015263,0.18383991267651867
SG_015269,0.17607566170321773
SG_015270,0.14910020080653805
SG_015272,0.17952692811235885
SG_015276,0.2507297447504207
SG_015277,0.14187550141615296
SG_015278,0.14775791431379
SG_015279,0.18054049967690225
SG_015280,0.18831922055112021
SG_015283,0.18073869272119816
SG_015284,0.17788808750095952
SG_015289,0.23955749074837007
SG_015290,0.16258621095169798
SG_015294,0.17703180167766602
SG_015296,0.14780159507423693
SG_015297,0.2553250401652045
SG_015302,0.12545260548053308
SG_015304,0.20509601121557672
SG_015308,0.1690932938477904
SG_015309,0.185053759621774
SG_015312,0.21998923331056902
SG_015317,0.21871016593947
SG_015322,0.14758949492649076
SG_015323,0.19531759491634124
SG_015326,0.17989530227137315
SG_015329,0.13206163757948014
SG_015337,0.17157444984684705
SG_015339,0.1659076633393783
SG_015340,0.136384371553442
SG_015341,0.19513273865952763
SG_015346,0.1680731069462379
SG_015348,0.15327468058434549
SG_015349,0.19062752958694204
SG_015351,0.2558767371541081
SG_015355,0.13937189945207035
SG_015356,0.16638959691388366
SG_015360,0.1556010874906315
SG_015361,0.1721425636350944
SG_015362,0.26794011864400763
SG_015363,0.11811274330825411
SG_015369,0.16830599531574852
SG_015372,0.1607365164251278
SG_015375,0.13209479059417203
SG_015381,0.20230676497789554
SG_015382,0.15143072832430257
SG_015383,0.15833734692516224
SG_015384,0.162298922396344
SG_015388,0.16432287775203896
SG_015395,0.15156570744329612
SG_015397,0.1845187447759291
SG_015399,0.1734568024242526
SG_015400,0.20080113933224483
SG_015401,0.13390192467058915
SG_015402,0.1985417314635199
SG_015403,0.17881049797311632
SG_015406,0.17949787282773258
SG_015412,0.205591680712097
SG_015421,0.24961336254739078
SG_015424,0.20249152862021733
SG_015425,0.14310762994401893
SG_015428,0.14464252058285554
SG_015430,0.15127283185882065
SG_015431,0.15537216947622565
SG_015439,0.1395772433423016
SG_015440,0.11381679755487091
SG_015446,0.19789538577011556
SG_015447,0.15961995730253517
SG_015448,0.1651188419934449
SG_015452,0.15650178826433794
SG_015454,0.24030240843206985
SG_015458,0.210983624043052
SG_015462,0.1750337331557172
SG_015463,0.22337614470832606
SG_015464,0.17648363285563728
SG_015466,0.14636231220828227
SG_015467,0.18818070393629555
SG_015470,0.14269280749506363
SG_015473,0.16930495815799218
SG_015479,0.11878169692566574
SG_015481,0.1828718599021965
SG_015483,0.1836055364121214
SG_015492,0.202735248691495
SG_015495,0.14012513274806865
SG_015498,0.17989476093318052
SG_015503,0.16304503312916635
SG_015507,0.16944967533262068
SG_015512,0.12336186821333535
SG_015514,0.16499034213023664
SG_015517,0.18986702151730556
SG_015520,0.27692177639065707
SG_015524,0.14521276545636777
SG_015526,0.18031299750743784
SG_015527,0.1435973082359456
SG_015535,0.15207948194841026
SG_015537,0.21223855722201462
SG_015538,0.20047633327272554
SG_015540,0.20590461475452387
SG_015542,0.12941012813710906
SG_015543,0.21371227406784282
SG_015544,0.15459802875168668
SG_015546,0.21525747085345484
SG_015547,0.1533717569084886
SG_015550,0.13921002101351365
SG_015556,0.15828578219473183
SG_015558,0.16248195314137842
SG_015559,0.23394232373445384
SG_015560,0.1633002095366134
SG_015562,0.11330550509272685
SG_015565,0.15431845095065436
SG_015568,0.2511057632290945
SG_015572,0.11170350141086784
SG_015576,0.12804292226033126
SG_015578,0.10803494758674606
SG_015580,0.1479250887922323
SG_015582,0.1538891990374516
SG_015584,0.17584670553023218
SG_015585,0.20065485360960372
SG_015586,0.16042457676220692
SG_015587,0.16583065822104492
SG_015589,0.2098611708309437
SG_015590,0.13638774242111945
SG_015591,0.2144123869987053
SG_015593,0.14476919577995218
SG_015597,0.15416247516980622
SG_015598,0.1890150840286555
SG_015600,0.24317643705821398
SG_015606,0.24778009413377458
SG_015613,0.18889218871841168
SG_015615,0.2606130888902751
SG_015617,0.1624676015840507
SG_015619,0.1628056199578629
SG_015623,0.17795739833328783
SG_015627,0.17475677189665378
SG_015637,0.13991581852864934
SG_015641,0.18506920637639315
SG_015644,0.1752245315617982
SG_015649,0.10930697390204451
SG_015654,0.25245235929408383
SG_015655,0.27226745263635
SG_015656,0.13261734773279932
SG_015659,0.16440509934437203
SG_015662,0.2377035955303416
SG_015664,0.1408764900477531
SG_015671,0.19749530496724538
SG_015675,0.11255881151500255
SG_015678,0.12856176088260238
SG_015680,0.16305984468493362
SG_015681,0.1383962074713958
SG_015682,0.1951318925906916
SG_015684,0.13383647632178486
SG_015693,0.19009723903813625
SG_015708,0.18040896292294095
SG_015715,0.19015548789940895
SG_015716,0.1841609678493496
SG_015718,0.1414590942076312
SG_015721,0.17647801260025714
SG_015724,0.17938623523174
SG_015726,0.18994613174463973
SG_015729,0.1702367461190833
SG_015730,0.19159143294737796
SG_015735,0.11915679266443593
SG_015738,0.1866492135411335
SG_015743,0.13635517289734045
SG_015744,0.14123462407870405
SG_015746,0.14766672138676765
SG_015756,0.1601640566967728
SG_015762,0.17871692263999076
SG_015763,0.16023191910398943
SG_015766,0.1598767263099432
SG_015769,0.19673226647110625
SG_015770,0.154699222654094
SG_015772,0.1337879041890859
SG_015773,0.2442707343297596
SG_015780,0.1657315635055691
SG_015790,0.16956825051671995
SG_015797,0.15429749217699454
SG_015806,0.11705221304640225
SG_015810,0.1749679223628805
SG_015815,0.12809794136812774
SG_015817,0.24422196112895792
SG_015818,0.18508627905690653
SG_015819,0.1598987385319503
SG_015820,0.1837645520727641
SG_015827,0.1869197808440375
SG_015828,0.1429265214485048
SG_015829,0.15743939573253937
SG_015832,0.18161694770639453
SG_015833,0.1868681766389355
SG_015834,0.13518778960066716
SG_015838,0.20181514997713373
SG_015840,0.15756583683234054
SG_015842,0.1680800118692334
SG_015845,0.1376514978549518
SG_015849,0.16441360516574904
SG_015857,0.15857933377575795
SG_015859,0.10537409009180189
SG_015860,0.2757529836436774
SG_015867,0.13873937195452565
SG_015873,0.17260477656687842
SG_015878,0.18596727596382087
SG_015879,0.12933872402380037
SG_015880,0.1746397746378347
SG_015881,0.1264919139267607
SG_015884,0.13073305465750693
SG_015885,0.11305462087685886
SG_015891,0.1474580132416947
SG_015893,0.1618703629746819
SG_015898,0.17619819679290166
SG_015900,0.20176936325367373
SG_015901,0.1523975776367204
SG_015907,0.17996458942945417
SG_015908,0.18367821465681605
SG_015910,0.20735051722480063
SG_015914,0.17805015532285173
SG_015917,0.22321930711940086
SG_015921,0.2332019788853184
SG_015922,0.16748475774832425
SG_015928,0.23446048856246574
SG_015939,0.17323720415343052
SG_015940,0.1387219743128583
SG_015942,0.18321024587782841
SG_015943,0.21582036231429122
SG_015947,0.139309820337969
SG_015950,0.17277110203506918
SG_015951,0.21271834405021603
SG_015955,0.15119756449283317
SG_015964,0.17522398023330416
SG_015965,0.12742305249759328
SG_015972,0.13577826540255225
SG_015973,0.14241544472294146
SG_015975,0.13658250486144224
SG_015977,0.17773314955650077
SG_015978,0.19732128134835758
SG_015979,0.22532432880060727
SG_015980,0.1470108970307175
SG_015981,0.17952669263951837
SG_015985,0.19162657827035712
SG_015988,0.1463952249263165
SG_015989,0.17036628034597262
SG_015990,0.1753961226260517
SG_015998,0.18654660059454647
SG_015999,0.12519314321055292
SG_016002,0.18206553907473116
SG_016003,0.14691569922821932
SG_016004,0.16695945361130304
SG_016008,0.3032200248029992
SG_016010,0.24093054454619872
SG_016013,0.19669411613708568
SG_016015,0.163294653947832
SG_016020,0.13749425822932876
SG_016021,0.17803221291812302
SG_016022,0.16476542057400315
SG_016027,0.19304847223989438
SG_016028,0.15881232338582912
SG_016029,0.1314970950230211
SG_016030,0.24211155862605016
SG_016045,0.14835607967952125
SG_016048,0.15551599739984537
SG_016049,0.13731193121821436
SG_016054,0.32268895715949786
SG_016056,0.20369378896521384
SG_016060,0.15476003128456706
SG_016065,0.11626543444853574
SG_016081,0.11980892214334035
SG_016085,0.10982683131412786
SG_016089,0.15558496519813428
SG_016091,0.22764636664514803
SG_016092,0.18076368304334958
SG_016101,0.2315059682060888
SG_016102,0.21607413860690322
SG_016103,0.1792196149470712
SG_016108,0.12145667277983352
SG_016109,0.174172931159922
SG_016111,0.2101431541434614
SG_016113,0.16278434631009428
SG_016114,0.16369927243366034
SG_016115,0.15631396688190016
SG_016116,0.16775429157721358
SG_016119,0.1416308167478675
SG_016124,0.11620495104060205
SG_016127,0.1883017924898262
SG_016132,0.2740655551532568
SG_016133,0.13380497061402383
SG_016134,0.18105661327033648
SG_016138,0.1322472575940705
SG_016140,0.16364180139789963
SG_016146,0.2252744104368717
SG_016147,0.14336774782448666
SG_016156,0.23494605108559552
SG_016158,0.1453400720759035
SG_016159,0.21674685310892325
SG_016160,0.10370333208764067
SG_016161,0.14519414875965353
SG_016163,0.21580513065825715
SG_016164,0.18547168020944882
SG_016165,0.1700770559052512
SG_016166,0.1297138820201909
SG_016171,0.1646065557232575
SG_016172,0.19802231221899302
SG_016174,0.16060333972658128
SG_016176,0.12527624110012972
SG_016179,0.19991370807053838
SG_016181,0.16859845629341336
SG_016183,0.14589430454471716
SG_016185,0.17648302424596124
SG_016186,0.13530498903951826
SG_016187,0.11366537983095513
SG_016188,0.1956861231740113
SG_016190,0.1263429360427161
SG_016194,0.20623725351199818
SG_016195,0.13732957676539478
SG_016196,0.20478952078623977
SG_016197,0.16763230398642334
SG_016211,0.13385520978611676
SG_016214,0.25577722501355715
SG_016215,0.15592742943256016
SG_016219,0.14947183890259294
SG_016221,0.1847127166059468
SG_016222,0.15098555180198778
SG_016224,0.16035568157919422
SG_016225,0.19280481307538008
SG_016233,0.16077473590957975
SG_016234,0.16884623179869285
SG_016235,0.14938586183108882
SG_016238,0.10361376290163166
SG_016242,0.166458368438908
SG_016244,0.1218937170118932
SG_016245,0.13573663696450414
SG_016246,0.25553855100430867
SG_016249,0.17272505421275341
SG_016251,0.2491649299339099
SG_016252,0.23715294941016285
SG_016259,0.18954980330671212
SG_016262,0.16511289160780512
SG_016263,0.12348193181759115
SG_016268,0.15265758307479857
SG_016270,0.15298250405662983
SG_016272,0.23799498344197462
SG_016273,0.21464995933470718
SG_016275,0.24868993543717743
SG_016278,0.16518283677326107
SG_016282,0.18688615959234403
SG_016285,0.16379408310770194
SG_016289,0.1829266846273901
SG_016292,0.1442377996211612
SG_016297,0.13561735593402993
SG_016299,0.16546065060081358
SG_016310,0.184095277146984
SG_016315,0.1389040475021205
SG_016316,0.20063091925490692
SG_016318,0.14416235360873267
SG_016324,0.1362191757213216
SG_016326,0.16494195169165962
SG_016327,0.1878630832764479
SG_016330,0.1174797256961697
SG_016331,0.21903944117676877
SG_016332,0.10240393564842815
SG_016333,0.20310697998927463
SG_016334,0.14071224550282688
SG_016337,0.1490653271866194
SG_016341,0.1721462921423072
SG_016343,0.14587891155375887
SG_016345,0.24672843186907933
SG_016346,0.15570931177584896
SG_016349,0.1807408839824104
SG_016351,0.13565248346070458
SG_016352,0.1036332173251338
SG_016354,0.16376280357882497
SG_016363,0.16990469465596492
SG_016372,0.22071087422582797
SG_016375,0.14831859259936325
SG_016382,0.13819711686918784
SG_016384,0.1449142666041354
SG_016386,0.12037623272393423
SG_016389,0.1649335217404374
SG_016392,0.18164763034329384
SG_016393,0.16389711404475163
SG_016394,0.2129852152243244
SG_016401,0.15734941118320295
SG_016402,0.15101144435998504
SG_016405,0.1886769630991862
SG_016414,0.17149426256587802
SG_016421,0.14236228884455873
SG_016424,0.16750282824794904
SG_016425,0.15806511197089865
SG_016429,0.13518589372406203
SG_016431,0.18503605634790773
SG_016432,0.17829623202012398
SG_016435,0.18899152845896472
SG_016436,0.218858063799433
SG_016443,0.13851691718437506
SG_016445,0.1720121118558681
SG_016450,0.17179929345418624
SG_016452,0.162534192894997
SG_016456,0.2431643154106312
SG_016462,0.1207413490140063
SG_016463,0.15586642648939464
SG_016474,0.19238307077970987
SG_016482,0.14907685163291967
SG_016488,0.16738409621272332
SG_016502,0.12799332910387867
SG_016503,0.18277541911371803
SG_016507,0.18325407382331194
SG_016508,0.132008894019586
SG_016511,0.15235032207306182
SG_016512,0.24722014450947152
SG_016517,0.17091994262373486
SG_016518,0.2817760547255824
SG_016520,0.16563399753864705
SG_016522,0.2129838424522821
SG_016524,0.12933723833140648
SG_016526,0.18450151599369313
SG_016528,0.16541889400068854
SG_016529,0.17172656274509357
SG_016532,0.180430236004012
SG_016535,0.1283093921401073
SG_016537,0.11508272327679846
SG_016539,0.117249591135994
SG_016542,0.17202789482355002
SG_016545,0.14681199392933772
SG_016547,0.14419521173768796
SG_016548,0.14669672234981984
SG_016554,0.1562908203795527
SG_016562,0.21685529523915836
SG_016563,0.17710631844213917
SG_016566,0.12703858267697074
SG_016567,0.17081003637465325
SG_016580,0.15417766254973908
SG_016581,0.16153106368236259
SG_016585,0.20149996143312782
SG_016600,0.1480869132939829
SG_016603,0.190659631729026
SG_016604,0.15001876940124445
SG_016606,0.2146217310481351
SG_016609,0.1565578039256318
SG_016612,0.17812651773278507
SG_016613,0.15397996400689776
SG_016614,0.16212675949414862
SG_016623,0.14363993822726084
SG_016625,0.20000890384225828
SG_016632,0.20573720657186234
SG_016634,0.14035889114149067
SG_016637,0.1908058934220624
SG_016641,0.18911866108131864
SG_016646,0.1480169861190729
SG_016647,0.13220857116819357
SG_016660,0.10815171000922552
SG_016662,0.1950024467577361
SG_016670,0.17265394815991333
SG_016671,0.14367583990533278
SG_016673,0.14416057930976395
SG_016675,0.18385746360448818
SG_016685,0.1829933014565999
SG_016689,0.21774743517322365
SG_016690,0.19253691553914218
SG_016691,0.13070410598108378
SG_016692,0.18806570884724633
SG_016696,0.19998360119624764
SG_016698,0.11311603977689692
SG_016699,0.11501254965643747
SG_016703,0.1442483377834762
SG_016704,0.18712072030222116
SG_016705,0.16358280299255784
SG_016708,0.1577814503543833
SG_016710,0.14011947005536407
SG_016711,0.17377491768239567
SG_016714,0.16512654248719827
SG_016716,0.11003555372498697
SG_016719,0.13734981783050615
SG_016720,0.15559131696630885
SG_016721,0.14646233392662805
SG_016723,0.1278424037892656
SG_016732,0.2059896735850578
SG_016733,0.23235653736167702
SG_016736,0.12751043000809334
SG_016737,0.13607220366919964
SG_016738,0.17084508012206606
SG_016741,0.2065320946620458
SG_016745,0.16890545118505762
SG_016746,0.16421156930763403
SG_016752,0.16241114518047595
SG_016754,0.1208142080640962
SG_016758,0.1721343494448704
SG_016763,0.13641855357666274
SG_016765,0.22682326870849284
SG_016769,0.15641893062643764
SG_016776,0.18865391009389185
SG_016778,0.24188827746864577
SG_016779,0.16309702045293673
SG_016780,0.21152828940402385
SG_016783,0.2078944078098973
SG_016785,0.15474735160329986
SG_016786,0.1935469001580212
SG_016792,0.176263673322861
SG_016793,0.15413026744610553
SG_016794,0.19673420121563506
SG_016805,0.1479319368030805
SG_016807,0.15890055503221764
SG_016810,0.1605279940456167
SG_016813,0.1404303196226293
SG_016818,0.17225164219327013
SG_016819,0.13925630219367693
SG_016823,0.20849145455330212
SG_016827,0.16296766011084912
SG_016828,0.156255299290495
SG_016832,0.1847817836774926
SG_016834,0.2646424098841035
SG_016837,0.2566892588541604
SG_016840,0.13788092851310485
SG_016843,0.22925498043453807
SG_016847,0.15846562424794705
SG_016849,0.16992577447232043
SG_016851,0.17125987157080128
SG_016857,0.13931662638204914
SG_016858,0.22850150324647434
SG_016859,0.15815639223433992
SG_016861,0.17789691948878356
SG_016863,0.15454940500161374
SG_016874,0.3457730189366701
SG_016877,0.13565154806619112
SG_016881,0.21097876290785914
SG_016885,0.18164156297441392
SG_016887,0.2149962754457691
SG_016888,0.16209640135808936
SG_016891,0.16880316649076443
SG_016893,0.1343820691582104
SG_016895,0.21685032516719643
SG_016900,0.16327579927946634
SG_016902,0.1672060565917018
SG_016904,0.16167801325589096
SG_016909,0.12942834296714528
SG_016911,0.21622199181434618
SG_016924,0.12462907377688956
SG_016925,0.14556749687940274
SG_016928,0.19028844060878092
SG_016937,0.11669268670505284
SG_016939,0.1938320323501187
SG_016941,0.17766019662212182
SG_016944,0.20310634030861396
SG_016946,0.1603545953928897
SG_016951,0.16914209583163825
SG_016961,0.24013828220304054
SG_016963,0.1602309465253071
SG_016967,0.15049947747546769
SG_016968,0.19583468787330552
SG_016971,0.19221789643844456
SG_016973,0.1570116500631132
SG_016974,0.15356531154594483
SG_016975,0.20629292732902393
SG_016976,0.16684334119425526
SG_016986,0.16319266326683346
SG_016989,0.174797518635259
SG_016990,0.2174709995388922
SG_017003,0.21578438461333174
SG_017005,0.1257294328670551
SG_017006,0.11400696406655442
SG_017016,0.14648022079267664
SG_017018,0.16884541242842313
SG_017021,0.13618894889331426
SG_017026,0.13779415355823801
SG_017028,0.13746638506536163
SG_017040,0.17553145189927377
SG_017043,0.1409140083763813
SG_017044,0.21265960688266294
SG_017046,0.20582149531126048
SG_017048,0.15414560439594224
SG_017049,0.13423704466488784
SG_017050,0.1380486508123429
SG_017055,0.19069732905708683
SG_017056,0.151379569100929
SG_017062,0.13633944629922107
SG_017067,0.15629382683851398
SG_017070,0.16221639004203248
SG_017071,0.2333523238298864
SG_017076,0.18411372019186287
SG_017077,0.17324713754944418
SG_017079,0.10911177757016592
SG_017080,0.12886681820317
SG_017085,0.2056393386853037
SG_017098,0.16766586894470117
SG_017103,0.17295710351606924
SG_017110,0.19327219733787235
SG_017111,0.2338622127949352
SG_017114,0.13247430781939287
SG_017116,0.24176462653286854
SG_017123,0.11262114884392065
SG_017124,0.18003788517294905
SG_017126,0.15756585930752842
SG_017127,0.15017397481789477
SG_017130,0.17851545615320116
SG_017139,0.23424659288076996
SG_017144,0.15791136711280102
SG_017145,0.14560352392814932
SG_017146,0.18164170044631886
SG_017154,0.179878232187839
SG_017158,0.21342675606390651
SG_017170,0.18021659758179473
SG_017171,0.20812551181872516
SG_017172,0.12128160335212697
SG_017182,0.12962239200459447
SG_017187,0.14339136990269344
SG_017190,0.2027655051852471
SG_017192,0.15801881942748774
SG_017193,0.14451247615191049
SG_017195,0.18301203889438938
SG_017202,0.17754471045446227
SG_017206,0.18539980642577147
SG_017208,0.14667379079746687
SG_017213,0.18788910946754245
SG_017218,0.12730938480843007
SG_017220,0.17552951135563824
SG_017223,0.15998240673450295
SG_017224,0.18553672533639173
SG_017225,0.1633767026885122
SG_017227,0.1601728594930614
SG_017228,0.18544228187530526
SG_017230,0.13377572350713599
SG_017232,0.24751436819861056
SG_017235,0.1819497362396688
SG_017239,0.18996517866908644
SG_017241,0.2155021024323175
SG_017245,0.13945378062182498
SG_017250,0.24057898657733806
SG_017254,0.13796524008626063
SG_017255,0.19310604139920717
SG_017266,0.14643809772101762
SG_017269,0.15215350938199723
SG_017272,0.15150070752619452
SG_017276,0.15596333483341354
SG_017279,0.11682520879401082
SG_017281,0.13383240825155093
SG_017287,0.2074852739773128
SG_017288,0.13478598961146046
SG_017292,0.14050300422415637
SG_017294,0.19971850759808024
SG_017296,0.12937169752906516
SG_017303,0.13506610285487414
SG_017304,0.16189359491764793
SG_017309,0.2171532679612515
SG_017311,0.16194880426259667
SG_017316,0.09938472070291343
SG_017317,0.20136972248772078
SG_017318,0.2017248718341803
SG_017323,0.19422463247151275
SG_017328,0.171931205140674
SG_017338,0.17834831557701447
SG_017339,0.16808482821449122
SG_017347,0.16963603709546798
SG_017348,0.13260109720141766
SG_017349,0.13990481223388893
SG_017350,0.14368889959129372
SG_017354,0.14530874564567747
SG_017358,0.20285427439990145
SG_017360,0.13386978438366373
SG_017361,0.15785580751218659
SG_017364,0.22268123020344818
SG_017368,0.13899218787972747
SG_017373,0.15642827159307657
SG_017376,0.20067294064819918
SG_017383,0.1734365917202845
SG_017385,0.13953217862442518
SG_017391,0.17943625937515056
SG_017399,0.20207341693744557
SG_017402,0.10189929989810534
SG_017405,0.14693271205495845
SG_017406,0.15436700266816092
SG_017416,0.17345721219217616
SG_017419,0.17672224363174374
SG_017421,0.1583126416258088
SG_017423,0.22129469751844202
SG_017425,0.18026692077147508
SG_017428,0.1661132860349555
SG_017431,0.1748918630479202
SG_017432,0.19142594618652434
SG_017438,0.2404308145062768
SG_017439,0.11174974556693759
SG_017445,0.11200224312799134
SG_017448,0.12299427944218694
SG_017452,0.18304902339682239
SG_017454,0.2088051523200763
SG_017457,0.15285964821771614
SG_017458,0.19274368140216436
SG_017464,0.1443831861780584
SG_017465,0.14559605894794053
SG_017466,0.23575704054192997
SG_017467,0.24060938576548413
SG_017475,0.15043236843303248
SG_017479,0.1921999326071745
SG_017480,0.1007888890125381
SG_017481,0.23354252770897732
SG_017482,0.1565911727953192
SG_017484,0.16963730970867535
SG_017486,0.17924485553781666
SG_017501,0.140987017366158
SG_017504,0.17024309306403482
SG_017507,0.188097074758661
SG_017509,0.13527192088686313
SG_017513,0.14401109910572257
SG_017514,0.20688575429469086
SG_017516,0.11517741381705066
SG_017518,0.13144902383938886
SG_017521,0.22639673613471034
SG_017526,0.15966846063474374
SG_017529,0.14431728600483207
SG_017532,0.14913509959845983
SG_017535,0.15185274542742516
SG_017537,0.1656930097578474
SG_017538,0.16838948632966982
SG_017542,0.16380127763082797
SG_017545,0.2850135898553414
SG_017549,0.229311767065825
SG_017557,0.14146123788081374
SG_017559,0.17122327024208095
SG_017560,0.14066415107001692
SG_017562,0.1687314521536366
SG_017563,0.20301087588794886
SG_017565,0.1753937080415141
SG_017572,0.17055414418923492
SG_017575,0.3114083358785006
SG_017577,0.17928355754566067
SG_017578,0.12578246370588905
SG_017579,0.23265331353039062
SG_017580,0.1474181741231402
SG_017581,0.23402101347550927
SG_017589,0.1745721511946127
SG_017590,0.14139916529048993
SG_017594,0.19047819636176755
SG_017597,0.16647548218668912
SG_017604,0.21145605627008995
SG_017605,0.18742096147868662
SG_017606,0.1634200129058283
SG_017607,0.16098951701583875
SG_017611,0.18063501650853414
SG_017615,0.13790999227450348
SG_017616,0.1316932604951529
SG_017617,0.22813826641518575
SG_017621,0.15843745638440163
SG_017622,0.18407634343213386
SG_017629,0.17009943491638277
SG_017630,0.12921836931295244
SG_017634,0.14777090428859752
SG_017639,0.16243727435580446
SG_017642,0.16139267651339234
SG_017646,0.20995467034665724
SG_017657,0.21445256167761645
SG_017658,0.20183682032976524
SG_017667,0.13368917608023845
SG_017673,0.1622043279774677
SG_017674,0.15231025219017624
SG_017677,0.11947147487222919
SG_017679,0.1293225023481227
SG_017683,0.14446161190735418
SG_017687,0.1255107759105378
SG_017689,0.22490781131914725
SG_017691,0.1292737398853105
SG_017693,0.20237763616687837
SG_017696,0.14731124097881093
SG_017697,0.14562161546874555
SG_017702,0.13162772088165903
SG_017703,0.26423434875484286
SG_017709,0.11197246692809204
SG_017714,0.16108322608849146
SG_017715,0.2100569084470906
SG_017718,0.1713175666828441
SG_017719,0.14382938064429876
SG_017728,0.20369122629380043
SG_017729,0.16422562802908752
SG_017739,0.15487055876452102
SG_017743,0.14195600269463335
SG_017745,0.12097177239572124
SG_017746,0.11331694984163165
SG_017749,0.19806340665357178
SG_017750,0.17249305936447795
SG_017754,0.14965274003586848
SG_017757,0.17793506851986163
SG_017760,0.26125953951543185
SG_017774,0.17032698335407342
SG_017775,0.13217749134154533
SG_017776,0.15307063254032785
SG_017777,0.17821191755887675
SG_017778,0.17157379558113045
SG_017781,0.14118878639121557
SG_017782,0.1853877105176975
SG_017789,0.17875346435440176
SG_017795,0.17125242097409338
SG_017798,0.22541336463493367
SG_017811,0.16622006448072588
SG_017817,0.13410787282022815
SG_017819,0.176652197856246
SG_017822,0.17490554234626876
SG_017827,0.13773207696047718
SG_017830,0.2387415213582574
SG_017832,0.15694660437284938
SG_017834,0.25344917568075376
SG_017838,0.17912777350747916
SG_017840,0.2252109918984107
SG_017847,0.16266561142193767
SG_017851,0.1847467098100921
SG_017855,0.19786313525390953
SG_017862,0.10558555715078353
SG_017865,0.14846476752952684
SG_017866,0.16530522174224876
SG_017867,0.17444032153450398
SG_017878,0.1550825500227138
SG_017879,0.12154493769092149
SG_017880,0.1430524927153755
SG_017881,0.13712809564409412
SG_017882,0.16697041561131673
SG_017886,0.16069939415165718
SG_017888,0.16789876276355697
SG_017889,0.16585906936940925
SG_017895,0.18417393180034383
SG_017900,0.16116400027070482
SG_017902,0.17607696796946476
SG_017907,0.23671761267736208
SG_017909,0.1690833882972455
SG_017910,0.15963575663997626
SG_017913,0.18523426045745842
SG_017914,0.17716084314453842
SG_017917,0.20498778938149564
SG_017918,0.2461228919681776
SG_017919,0.13699900740772517
SG_017920,0.1979090096169458
SG_017936,0.1301293455442461
SG_017938,0.16738364306096679
SG_017945,0.2047770390178303
SG_017947,0.1776180524993275
SG_017949,0.15352329920939795
SG_017956,0.23000422011182958
SG_017958,0.15848567586267223
SG_017960,0.16184581410402069
SG_017965,0.1327310785931166
SG_017971,0.18619650875295626
SG_017973,0.2864684797370094
SG_017978,0.2608772387404888
SG_017981,0.15043276030983882
SG_017985,0.24450499025647227
SG_017987,0.19630683958538803
SG_017991,0.18748349217239862
SG_017992,0.21729395898897574
SG_018002,0.15938776389732298
SG_018003,0.21115785944387866
SG_018005,0.14687202907788802
SG_018014,0.1493833111206119
SG_018015,0.16668062643639392
SG_018016,0.18742558527230224
SG_018017,0.23771557349405778
SG_018024,0.13912968646523868
SG_018028,0.17856390678422862
SG_018032,0.15384368250250685
SG_018033,0.18417536067874757
SG_018037,0.1986502251743624
SG_018040,0.16513325698789122
SG_018042,0.13375997691021482
SG_018046,0.14339804821150307
SG_018050,0.22483571531920174
SG_018055,0.20663887201128742
SG_018056,0.19436432401782652
SG_018061,0.1481133864184174
SG_018063,0.1735710399006674
SG_018064,0.17226113469596532
SG_018067,0.14535730953638723
SG_018072,0.20150684389952989
SG_018073,0.16975699151344498
SG_018074,0.2560972902911445
SG_018076,0.2305440302288702
SG_018080,0.12941140951842392
SG_018084,0.19705462283574704
SG_018088,0.21080689921677126
SG_018090,0.15466967568671852
SG_018092,0.1781735376837401
SG_018094,0.18120075215766318
SG_018096,0.14045824745497115
SG_018100,0.1927525762054214
SG_018109,0.24206376758814557
SG_018111,0.14295467570449377
SG_018120,0.20828181359567197
SG_018124,0.3501802798680762
SG_018125,0.17301055092646667
SG_018130,0.17152006196564062
SG_018132,0.18023496736767464
SG_018134,0.1449399490248407
SG_018140,0.1603901360328501
SG_018144,0.1521165112443255
SG_018146,0.22177158456084994
SG_018150,0.16338569560566918
SG_018154,0.30225196831284395
SG_018155,0.14446840107145817
SG_018160,0.10539484861116746
SG_018165,0.1716528273504162
SG_018166,0.13603765389667266
SG_018170,0.1332014963691408
SG_018174,0.18697219045122246
SG_018175,0.10488861565971587
SG_018178,0.18091931129658242
SG_018181,0.17489001065229676
SG_018186,0.15253894294336756
SG_018188,0.16132031659661022
SG_018195,0.1441637272820222
SG_018198,0.1962813472255181
SG_018201,0.1209163448438729
SG_018206,0.2002576228801074
SG_018208,0.15178095274962403
SG_018214,0.29495122941932245
SG_018215,0.3057177608084304
SG_018216,0.19995994848379633
SG_018221,0.21895991154203248
SG_018224,0.14209456046616142
SG_018228,0.1785330580082347
SG_018229,0.1297880641718796
SG_018238,0.1397447043999885
SG_018241,0.11780546711172404
SG_018246,0.19367435032189098
SG_018247,0.15609488819742232
SG_018252,0.2500822262125456
SG_018253,0.15118174374689958
SG_018259,0.24224305108268598
SG_018261,0.15109799012311056
SG_018263,0.20560719772841451
SG_018266,0.1493263820715515
SG_018269,0.17624165767866282
SG_018270,0.17128649519070144
SG_018276,0.16089231599473935
SG_018278,0.18345084850643237
SG_018281,0.1425217749628356
SG_018282,0.19593813242184846
SG_018284,0.1787874896358033
SG_018286,0.13593674667544361
SG_018287,0.17508800993894114
SG_018294,0.11227658002510274
SG_018297,0.14623099562756225
SG_018303,0.19988964625057926
SG_018305,0.19774128619713188
SG_018307,0.13842478399407215
SG_018312,0.17130384341926047
SG_018316,0.1504484236667444
SG_018321,0.16642950806009915
SG_018322,0.17294867594638683
SG_018325,0.11403759715256981
SG_018327,0.12487399758809462
SG_018330,0.13448857545017615
SG_018334,0.1664369277841548
SG_018336,0.1820609986345993
SG_018338,0.23202519321303042
SG_018341,0.1432416207764817
SG_018342,0.17066653096143358
SG_018347,0.17006274857734194
SG_018348,0.1651776621344443
SG_018351,0.1811193596759241
SG_018360,0.26712466266389956
SG_018361,0.18285248101864002
SG_018364,0.17765404162889628
SG_018366,0.177843607329906
SG_018368,0.2484962273125635
SG_018372,0.19016069928535478
SG_018379,0.14391131476299565
SG_018381,0.16222656575021022
SG_018386,0.1278471265526888
SG_018387,0.22693090771800753
SG_018388,0.2165387483127732
SG_018394,0.23475385903122195
SG_018407,0.15667645931451013
SG_018410,0.15249334866929154
SG_018411,0.14253024456110153
SG_018417,0.1969819416532055
SG_018418,0.15981732986510983
SG_018420,0.16318727485436887
SG_018422,0.17038322718875534
SG_018424,0.2271442526655954
SG_018426,0.10746133928546442
SG_018427,0.13288094365187314
SG_018430,0.14874962037406853
SG_018433,0.16418527878611416
SG_018434,0.18469605372008496
SG_018436,0.2100374220229478
SG_018441,0.17981821594258451
SG_018442,0.14342475970284566
SG_018445,0.16051937242498607
SG_018448,0.1734009023160308
SG_018452,0.12474805912664019
SG_018455,0.1627599847742649
SG_018458,0.14590929872151365
SG_018462,0.22558400737819076
SG_018468,0.16181200775877497
SG_018469,0.18002064550690838
SG_018470,0.17079310478251208
SG_018471,0.1745282086378147
SG_018472,0.2066361220700472
SG_018474,0.10175286363059277
SG_018476,0.19895371156117514
SG_018481,0.19667975906498134
SG_018485,0.16640072881924062
SG_018487,0.18266111277599198
SG_018490,0.14145656495100278
SG_018491,0.14325860796829912
SG_018493,0.19243005798671242
SG_018494,0.15742403753570797
SG_018497,0.1713283135210481
SG_018501,0.12250794547989416
SG_018503,0.16342695754133446
SG_018505,0.14711457347209814
SG_018506,0.1715072351480031
SG_018510,0.1683542682423806
SG_018511,0.17989178410141948
SG_018514,0.17009050344008167
SG_018519,0.18603158552103133
SG_018520,0.1303598337608708
SG_018524,0.16778606122212208
SG_018525,0.11804447897464987
SG_018526,0.13671576642196703
SG_018529,0.18417424090355988
SG_018531,0.22410333201975804
SG_018534,0.15805061570075787
SG_018536,0.14710496037874926
SG_018537,0.17638453412525307
SG_018543,0.19695883604635803
SG_018544,0.16477238779394737
SG_018547,0.14405501093031586
SG_018548,0.14253574082845666
SG_018549,0.17770959705050554
SG_018553,0.14869844404002444
SG_018555,0.18503565791411755
SG_018558,0.16756115222498602
SG_018566,0.10757136929691982
SG_018568,0.15646780829848883
SG_018569,0.11475454215936275
SG_018573,0.20104436884625257
SG_018576,0.16920008427970867
SG_018579,0.13102418813652134
SG_018587,0.1894277261195828
SG_018591,0.14813715306981054
SG_018594,0.1371142268845326
SG_018601,0.24298748730990893
SG_018603,0.19202757635897447
SG_018608,0.158416566480618
SG_018611,0.1874168524372722
SG_018612,0.21349484552893405
SG_018615,0.15232831644842815
SG_018617,0.14417811818806256
SG_018621,0.1824330152886282
SG_018623,0.20977700699081
SG_018624,0.18903022251475404
SG_018631,0.1276143294950969
SG_018636,0.1449173034074512
SG_018637,0.15265409445581404
SG_018639,0.25184180887561325
SG_018644,0.12834515971852198
SG_018645,0.17745722162777922
SG_018647,0.21056216297097596
SG_018650,0.20031663083715978
SG_018651,0.15096083649782102
SG_018662,0.1744518944455564
SG_018663,0.17088079867453349
SG_018664,0.20539871206543897
SG_018665,0.18525819168924718
SG_018670,0.2096167289031797
SG_018676,0.18005976296396037
SG_018677,0.13239596577856932
SG_018678,0.19908518815731718
SG_018680,0.1717587966293096
SG_018685,0.15370180027381347
SG_018686,0.2192456047938075
SG_018687,0.19159085027791975
SG_018688,0.14690464391168181
SG_018689,0.16688587999613969
SG_018693,0.1515764017221933
SG_018694,0.17058216543123267
SG_018697,0.18364339637405683
SG_018703,0.14903457520231217
SG_018705,0.17275894845076625
SG_018709,0.12162897988046902
SG_018710,0.22911905627844475
SG_018711,0.21945467398618826
SG_018717,0.12043795852098083
SG_018721,0.18699608723255026
SG_018722,0.18832288080671206
SG_018731,0.1832236096764528
SG_018733,0.1950084024004478
SG_018738,0.14340161200851753
SG_018744,0.14417772197811993
SG_018745,0.1697242512775418
SG_018748,0.1774902257089429
SG_018756,0.2227808409251538
SG_018758,0.19218421354986082
SG_018761,0.14549505665897236
SG_018765,0.13700006867662215
SG_018766,0.2520314420134362
SG_018767,0.1506295610449712
SG_018768,0.15970680310961285
SG_018770,0.1615963031496372
SG_018779,0.15782020015567302
SG_018787,0.16947877972488412
SG_018788,0.19198711235718854
SG_018789,0.18782895999364457
SG_018791,0.2000322989641753
SG_018792,0.19121896975570157
SG_018793,0.11320304656610027
SG_018798,0.205734925392303
SG_018799,0.16562304961639712
SG_018800,0.1232319496342305
SG_018803,0.1482536505485791
SG_018806,0.1868408063029176
SG_018809,0.13194743012609977
SG_018811,0.1779174703053481
SG_018817,0.13736954732924683
SG_018818,0.1797372596418676
SG_018821,0.11174879928674726
SG_018822,0.16233554520424945
SG_018823,0.14432584831586595
SG_018826,0.21331276738225202
SG_018831,0.14712690271645
SG_018834,0.16465998097371679
SG_018837,0.19185916139958956
SG_018838,0.24810470447105565
SG_018842,0.19416202821518375
SG_018843,0.19660122625039153
SG_018847,0.1888550468978484
SG_018850,0.1397820790900391
SG_018852,0.19243147056354004
SG_018853,0.14594236393908963
SG_018859,0.23067069435488463
SG_018861,0.1919154118202561
SG_018875,0.15069588365249972
SG_018883,0.19721043936893895
SG_018885,0.13916835428970653
SG_018889,0.15405310688806084
SG_018890,0.175855970304944
SG_018894,0.17199465318181487
SG_018895,0.2735512088481913
SG_018899,0.15758265726765341
SG_018901,0.21040879136560564
SG_018902,0.17664486919572964
SG_018904,0.19380780980761864
SG_018905,0.21237088378014957
SG_018906,0.1907212183223563
SG_018907,0.19856589385336984
SG_018908,0.12304675639847193
SG_018915,0.22938232496817373
SG_018918,0.14223102785443378
SG_018920,0.1657908448736405
SG_018924,0.23655573716620398
SG_018928,0.2182398670310245
SG_018940,0.17100138460412082
SG_018941,0.16332701605789685
SG_018942,0.1605268354454293
SG_018965,0.24056664863827706
SG_018966,0.12420623685337182
SG_018968,0.16331009896377577
SG_018970,0.16729500856058244
SG_018972,0.13683925516039783
SG_018978,0.16131900839256275
SG_018981,0.1509519098750828
SG_018984,0.12923356627911115
SG_018990,0.18856685415091684
SG_019006,0.20999483935782545
SG_019012,0.18180938043343253
SG_019014,0.18533193637058964
SG_019015,0.2178305885961901
SG_019016,0.2006188021939347
SG_019018,0.18526183451756673
SG_019019,0.1196801840199185
SG_019023,0.24086683471443512
SG_019028,0.2473063536436262
SG_019030,0.18148203771878607
SG_019036,0.1810550033880638
SG_019038,0.14116661003184852
SG_019039,0.1790429150483703
SG_019041,0.2003082448021699
SG_019042,0.1527488146748238
SG_019044,0.2443202553789401
SG_019051,0.1607960269154604
SG_019053,0.1822118328084629
SG_019054,0.17001955068736324
SG_019058,0.2025298867561131
SG_019069,0.16381789919642833
SG_019071,0.1119011222365004
SG_019082,0.17870243107577732
SG_019083,0.13772577543171013
SG_019084,0.19160673469713568
SG_019087,0.13365538729091045
SG_019092,0.15391010120003462
SG_019098,0.16668966670643112
SG_019102,0.2890624552051386
SG_019105,0.1977405945412377
SG_019106,0.20046594459205463
SG_019109,0.1386142607247369
SG_019115,0.21728022970401173
SG_019117,0.19924036738705386
SG_019119,0.1512380989964979
SG_019120,0.18274896247900313
SG_019131,0.17477992191446837
SG_019142,0.24480486708746205
SG_019146,0.1488263094992758
SG_019147,0.18691957791990366
SG_019149,0.14028422916639052
SG_019150,0.14456835613101765
SG_019162,0.16418024617646404
SG_019167,0.15968781103933552
SG_019169,0.160024606036629
SG_019171,0.11616096098275308
SG_019176,0.21281233524501997
SG_019184,0.16886724521115815
SG_019187,0.17414799157556024
SG_019190,0.1351963636977814
SG_019197,0.1865324385817011
SG_019198,0.14238027178750262
SG_019201,0.12639341110109992
SG_019203,0.20809437678731788
SG_019204,0.18140778089764098
SG_019208,0.13490997957090517
SG_019209,0.15075843363794164
SG_019211,0.13588471615663128
SG_019212,0.1697428695001813
SG_019217,0.2016542990315442
SG_019221,0.15616310276197434
SG_019222,0.2436826178605928
SG_019223,0.1446786415172892
SG_019225,0.17290675967036234
SG_019237,0.21396470578168156
SG_019244,0.17066393452334416
SG_019245,0.2140732101680108
SG_019246,0.11441138402947423
SG_019247,0.15430854565783117
SG_019248,0.1472471176055218
SG_019249,0.1750549280024638
SG_019251,0.1415463682009598
SG_019253,0.13448139862644928
SG_019254,0.1152482345659292
SG_019255,0.2269502884099937
SG_019259,0.13702608318868986
SG_019265,0.1327305864177452
SG_019266,0.18052628809425797
SG_019267,0.18379871492330954
SG_019270,0.1313186963109343
SG_019271,0.14733026092636997
SG_019272,0.1982584003926932
SG_019273,0.14018784392616626
SG_019274,0.11420558573027531
SG_019275,0.15289975232813438
SG_019276,0.14616724075558923
SG_019282,0.15636587748630507
SG_019286,0.16365861758332437
SG_019289,0.18346945124692887
SG_019295,0.21043411805881418
SG_019296,0.1983021703231854
SG_019298,0.1081110305300202
SG_019300,0.14998156965636733
SG_019302,0.17774814896055313
SG_019311,0.16837438690783174
SG_019314,0.17444719297740807
SG_019315,0.16717070997135514
SG_019316,0.20806258198941951
SG_019321,0.1359090823387411
SG_019325,0.22797724612351072
SG_019326,0.19773216943993935
SG_019328,0.11765673495776416
SG_019330,0.1456790091183205
SG_019333,0.1398068598359637
SG_019336,0.17030590709745386
SG_019339,0.16658718324962501
SG_019346,0.16286312136344444
SG_019352,0.17661209144004406
SG_019358,0.18537272393901766
SG_019362,0.24190965274988613
SG_019368,0.13706716810123837
SG_019371,0.1553904403194133
SG_019373,0.23130009560299622
SG_019374,0.2217140834279654
SG_019375,0.18788743152482673
SG_019376,0.2455742302816547
SG_019386,0.16932276359497
SG_019388,0.163738606691163
SG_019394,0.18468440810595937
SG_019398,0.14326786360939964
SG_019408,0.19412887669013187
SG_019411,0.13941530200546337
SG_019419,0.23818415798970957
SG_019421,0.17015811790688065
SG_019425,0.18430140947931634
SG_019427,0.17770706506287676
SG_019428,0.19124683873059356
SG_019431,0.1692798525525698
SG_019432,0.14007891627849356
SG_019433,0.16503189251523306
SG_019436,0.1879511015615486
SG_019437,0.23766016779411386
SG_019440,0.11200077491357906
SG_019442,0.18856270197981906
SG_019446,0.16126914861018027
SG_019447,0.13817057228717686
SG_019449,0.14086017661001085
SG_019452,0.14011452291961202
SG_019455,0.17345207523094192
SG_019456,0.12916294085944205
SG_019458,0.23493567294317394
SG_019466,0.16434252063825383
SG_019468,0.2858172986186682
SG_019470,0.15440633087921776
SG_019471,0.2009481695203438
SG_019473,0.1324239920231123
SG_019478,0.16993867424572645
SG_019485,0.26733451250079115
SG_019488,0.2219853298440631
SG_019489,0.20106402856168
SG_019491,0.19162808004964016
SG_019496,0.18426973677220088
SG_019498,0.1457750479331428
SG_019510,0.21836171096933968
SG_019516,0.12145351745235401
SG_019519,0.13151740741083245
SG_019523,0.17160483620349434
SG_019527,0.1701212748495954
SG_019530,0.1796314902073424
SG_019532,0.14824784260575571
SG_019534,0.18154518332280756
SG_019540,0.1866350148945769
SG_019541,0.1634194545728141
SG_019543,0.19662580239164526
SG_019553,0.14332999933585305
SG_019558,0.156008352865675
SG_019562,0.16020021697255016
SG_019563,0.17639474936874924
SG_019564,0.16494965291037136
SG_019567,0.11643974444614717
SG_019570,0.2254356186603565
SG_019577,0.15194174731259388
SG_019583,0.18775158177596576
SG_019585,0.1653029040613077
SG_019587,0.16771839504281721
SG_019588,0.10412935096057463
SG_019591,0.14350347009658906
SG_019593,0.13074584612277088
SG_019598,0.1283468176754627
SG_019599,0.1803296766436337
SG_019602,0.2753193275075072
SG_019609,0.21010726591725176
SG_019620,0.2008549294843192
SG_019621,0.11582969513598419
SG_019624,0.2574621951344214
SG_019625,0.2204650538495476
SG_019627,0.10082448926141252
SG_019635,0.13716600664594805
SG_019638,0.1439508826463699
SG_019639,0.11938908304623712
SG_019642,0.25948250392848776
SG_019645,0.16622889733343166
SG_019647,0.2258087529122198
SG_019648,0.14527495323070902
SG_019650,0.13902300530004422
SG_019652,0.155912965710403
SG_019654,0.20140622739116862
SG_019657,0.17027747661494985
SG_019660,0.16272074084653648
SG_019661,0.14728842024299493
SG_019662,0.1894686589347444
SG_019665,0.15487931247564238
SG_019666,0.1908861288418881
SG_019667,0.20158249021022784
SG_019676,0.1705059259747483
SG_019679,0.2531561474966182
SG_019680,0.21560369079264252
SG_019683,0.1963197204705958
SG_019689,0.16104050402101933
SG_019690,0.202672175975046
SG_019691,0.17290360571692248
SG_019695,0.14317097784155844
SG_019698,0.1695142524062245
SG_019710,0.1664572526764531
SG_019711,0.1955308923889743
SG_019716,0.14291062775355928
SG_019724,0.1466183171731791
SG_019727,0.23761953692713766
SG_019728,0.1325461863524748
SG_019729,0.14888468398549018
SG_019733,0.2724611922616244
SG_019738,0.17445236500374198
SG_019740,0.14619413714969937
SG_019746,0.18889977727180063
SG_019747,0.17321622110466556
SG_019750,0.17561950478171634
SG_019755,0.22891606346759424
SG_019756,0.16612909509351736
SG_019761,0.16447790858560346
SG_019764,0.13049073392245308
SG_019766,0.1583258200845509
SG_019767,0.155748840235683
SG_019769,0.23099191805994618
SG_019779,0.1329395759742101
SG_019782,0.14750538844756061
SG_019783,0.1647063054543963
SG_019784,0.15577630314996513
SG_019791,0.16934502155646688
SG_019792,0.13886850721877142
SG_019793,0.22222026681867035
SG_019797,0.14051761625950035
SG_019800,0.23302781706748765
SG_019801,0.16103064875304887
SG_019802,0.13542771811443732
SG_019804,0.142009365056199
SG_019807,0.19948004972217942
SG_019809,0.22539566397641428
SG_019811,0.15232268363847007
SG_019812,0.16121209026008157
SG_019819,0.13688662487329561
SG_019828,0.1542847126390094
SG_019830,0.1422581187654269
SG_019832,0.13058750555267393
SG_019835,0.15929188608648198
SG_019838,0.14281638388411258
SG_019839,0.14402797595508876
SG_019842,0.18625895496444034
SG_019846,0.20561126746052139
SG_019849,0.1243666245351676
SG_019851,0.2328673644040678
SG_019852,0.11815896460248264
SG_019853,0.18489037997276125
SG_019854,0.18637559462622982
SG_019857,0.1742457159525248
SG_019858,0.17580737235881985
SG_019859,0.21714050299600596
SG_019864,0.20414139006094797
SG_019865,0.1694991981923241
SG_019868,0.19861575117887198
SG_019869,0.21248792589107612
SG_019873,0.11896300323908562
SG_019878,0.154562224421522
SG_019883,0.23358604291129276
SG_019887,0.17127592818000387
SG_019888,0.13268912372949015
SG_019895,0.19363740609162616
SG_019900,0.14751426211201846
SG_019903,0.14395251971729398
SG_019906,0.2200716315132003
SG_019909,0.12238828912405561
SG_019910,0.1350926084525812
SG_019913,0.1719858125541795
SG_019914,0.1861347847927129
SG_019921,0.16468929209914127
SG_019923,0.18236882093311804
SG_019928,0.2782144457543396
SG_019930,0.2584907204262109
SG_019933,0.15810574328477672
SG_019939,0.14299387698037405
SG_019941,0.1845793456142057
SG_019944,0.14235004395560522
SG_019945,0.17908068996084692
SG_019947,0.13066429905112506
SG_019949,0.19941177519124192
SG_019950,0.2165626243536246
SG_019954,0.1788329009199385
SG_019955,0.2050596428136507
SG_019960,0.12984587870333544
SG_019961,0.1996016898267825
SG_019966,0.2514076616603355
SG_019968,0.1573860428031429
SG_019970,0.1637949050264757
SG_019973,0.14281573273162804
SG_019974,0.1864364341348075
SG_019976,0.16667125562211235
SG_019978,0.16844184872332107
SG_019980,0.12466816782271105
SG_019981,0.15161566441840582
SG_019983,0.20619674157608114
SG_019984,0.17684380092806787
SG_019985,0.14403628680583097
SG_019989,0.11359482938679541
SG_019994,0.17451513448385428
SG_019998,0.16032887666382567
SG_019999,0.24420215711011872
SG_020000,0.18272409588762661
